"source_file","readable_path","source_bytes","readable_bytes","source_lines","readable_lines"
"raw__ilearn.thu.edu.tw__chatbot__chatbot.umd.js","readable_js/raw__ilearn.thu.edu.tw__chatbot__chatbot.umd.pretty.js","6492967","6675844","764","40516"
"js__lms-main-898f71e6.js","readable_js/js__lms-main-898f71e6.pretty.js","214265","435299","1","12063"
"js__main-portal-cc072a5a.js","readable_js/js__main-portal-cc072a5a.pretty.js","234067","372064","1","9580"
"runtime~js__main-portal-86d88036.js","readable_js/runtime~js__main-portal-86d88036.pretty.js","23141","26308","1","331"
"18774-c8d49780.js","readable_js/18774-c8d49780.pretty.js","4612809","4613411","1","80"
"24549.cf667c52.js","readable_js/24549.cf667c52.pretty.js","3621492","3642776","1","828"
"js__mathjax__es5__tex-mml-svg.js","readable_js/js__mathjax__es5__tex-mml-svg.pretty.js","2120598","2128545","1","568"
"79278-2435c454.js","readable_js/79278-2435c454.pretty.js","1975050","2023222","1","4983"
"30803-7b1f840f.js","readable_js/30803-7b1f840f.pretty.js","1055724","1077760","1","1604"
"82017-1e48dc04.js","readable_js/82017-1e48dc04.pretty.js","905233","1678930","1","46502"
"61409-cf835457.js","readable_js/61409-cf835457.pretty.js","786275","789265","1","236"
"84027-f7869d26.js","readable_js/84027-f7869d26.pretty.js","640160","946757","1","22026"
"80575.32ea74f5.js","readable_js/80575.32ea74f5.pretty.js","628972","661122","1","2206"
"70650-b5e8d981.js","readable_js/70650-b5e8d981.pretty.js","535857","578042","1","3394"
"9862.d5cc01ba.js","readable_js/9862.d5cc01ba.pretty.js","505450","582222","1","4399"
"97620.c8167195.js","readable_js/97620.c8167195.pretty.js","462784","478842","1","1089"
"raw__www.googletagmanager.com__gtag__js__q_732b4fcc17.js","readable_js/raw__www.googletagmanager.com__gtag__js__q_732b4fcc17.pretty.js","450988","854964","954","21366"
"raw__www.googletagmanager.com__gtag__js__q_f844cdbeb7.js","readable_js/raw__www.googletagmanager.com__gtag__js__q_f844cdbeb7.pretty.js","450968","854943","954","21366"
"74927.c4fad5cf.js","readable_js/74927.c4fad5cf.pretty.js","437507","441793","1","284"
"27359.c8e5eebe.js","readable_js/27359.c8e5eebe.pretty.js","436122","587921","1","3285"
"14572-b07cd6d5.js","readable_js/14572-b07cd6d5.pretty.js","423315","434041","1","721"
"59925-af926177.js","readable_js/59925-af926177.pretty.js","403033","426465","1","1219"
"75360-6745dc29.js","readable_js/75360-6745dc29.pretty.js","388486","391735","1","285"
"56964-3b1e52ac.js","readable_js/56964-3b1e52ac.pretty.js","383073","383118","1","11"
"31076.a8c88684.js","readable_js/31076.a8c88684.pretty.js","380140","404428","1","1937"
"12159.7fb514eb.js","readable_js/12159.7fb514eb.pretty.js","377956","691146","1","18308"
"59576.7aadb53f.js","readable_js/59576.7aadb53f.pretty.js","369118","382079","1","804"
"88788.161d6b6a.js","readable_js/88788.161d6b6a.pretty.js","367046","469990","1","6503"
"15770.c0eea2d2.js","readable_js/15770.c0eea2d2.pretty.js","349244","417204","1","5481"
"58354.7f76f53b.js","readable_js/58354.7f76f53b.pretty.js","310621","383873","1","5105"
"72914-965f4ad4.js","readable_js/72914-965f4ad4.pretty.js","304903","311223","1","458"
"42753.47feb217.js","readable_js/42753.47feb217.pretty.js","304677","521165","1","14668"
"49294.50a0a8b3.js","readable_js/49294.50a0a8b3.pretty.js","300827","578036","1","16740"
"52507.583e35f3.js","readable_js/52507.583e35f3.pretty.js","298951","581218","1","16503"
"78435-bff624c3.js","readable_js/78435-bff624c3.pretty.js","297415","435649","1","8832"
"68924-a30f5597.js","readable_js/68924-a30f5597.pretty.js","285956","290666","1","305"
"69491.39eb865f.js","readable_js/69491.39eb865f.pretty.js","278552","399716","1","9412"
"93746.df010f77.js","readable_js/93746.df010f77.pretty.js","265844","453833","1","12945"
"24072.ab960016.js","readable_js/24072.ab960016.pretty.js","252594","447652","1","12402"
"raw__www.googletagmanager.com__gtag__js.js","readable_js/raw__www.googletagmanager.com__gtag__js.pretty.js","233914","397967","490","17132"
"3347-d08db718.js","readable_js/3347-d08db718.pretty.js","233581","272912","1","2507"
"68805.a47db79c.js","readable_js/68805.a47db79c.pretty.js","227090","387319","1","10346"
"82831.135ef996.js","readable_js/82831.135ef996.pretty.js","222875","306556","1","3847"
"js__main-public-course-aa8290d5.js","readable_js/js__main-public-course-aa8290d5.pretty.js","214309","435362","1","12065"
"56488.5dafa7c7.js","readable_js/56488.5dafa7c7.pretty.js","209694","373825","1","9657"
"72581.a741bb8b.js","readable_js/72581.a741bb8b.pretty.js","208109","427559","1","15437"
"51310.68c3f526.js","readable_js/51310.68c3f526.pretty.js","204033","406249","1","11400"
"8820-167f9e35.js","readable_js/8820-167f9e35.pretty.js","202900","369863","1","11229"
"39176-82f1062e.js","readable_js/39176-82f1062e.pretty.js","195572","338508","1","10485"
"44194.476375f7.js","readable_js/44194.476375f7.pretty.js","193189","207143","1","1016"
"21356.22ba888a.js","readable_js/21356.22ba888a.pretty.js","191642","201735","1","672"
"56029-a5e838cb.js","readable_js/56029-a5e838cb.pretty.js","185096","255247","1","3709"
"27148.dc9a1b6d.js","readable_js/27148.dc9a1b6d.pretty.js","180392","268301","1","5873"
"33489-328d8393.js","readable_js/33489-328d8393.pretty.js","180301","248727","1","5267"
"7930.cc04692e.js","readable_js/7930.cc04692e.pretty.js","173654","196349","1","1642"
"45286-6fefd965.js","readable_js/45286-6fefd965.pretty.js","172039","238457","1","3938"
"53701.67275a68.js","readable_js/53701.67275a68.pretty.js","170833","174122","1","272"
"44346.7b57b52e.js","readable_js/44346.7b57b52e.pretty.js","169899","286066","1","7707"
"48925.39b391b4.js","readable_js/48925.39b391b4.pretty.js","165792","169814","1","280"
"51217.afd18812.js","readable_js/51217.afd18812.pretty.js","165556","290622","1","11078"
"28413.2c9b36eb.js","readable_js/28413.2c9b36eb.pretty.js","163326","169166","1","408"
"49412.3bf7965d.js","readable_js/49412.3bf7965d.pretty.js","159804","165458","1","396"
"83170-1ffef691.js","readable_js/83170-1ffef691.pretty.js","159219","286873","1","8844"
"31651.9857c692.js","readable_js/31651.9857c692.pretty.js","157301","179821","1","1554"
"21892-03cda66b.js","readable_js/21892-03cda66b.pretty.js","155425","156512","1","73"
"21137.a69eb96c.js","readable_js/21137.a69eb96c.pretty.js","154809","170358","1","990"
"26296-0d2e8412.js","readable_js/26296-0d2e8412.pretty.js","154801","154940","1","18"
"42789-f3817b0b.js","readable_js/42789-f3817b0b.pretty.js","153810","185121","1","2079"
"15448.d1593c31.js","readable_js/15448.d1593c31.pretty.js","153070","180694","1","1696"
"28245.9d3509d0.js","readable_js/28245.9d3509d0.pretty.js","152827","176159","1","1685"
"60648.54941882.js","readable_js/60648.54941882.pretty.js","150151","179963","1","2072"
"69942.24c3a1ff.js","readable_js/69942.24c3a1ff.pretty.js","149488","155136","1","396"
"99393.17a82ead.js","readable_js/99393.17a82ead.pretty.js","143387","148589","1","367"
"19705.6a8993c5.js","readable_js/19705.6a8993c5.pretty.js","141271","152797","1","848"
"79001.978df930.js","readable_js/79001.978df930.pretty.js","141228","225525","1","5637"
"76756.7b06f21b.js","readable_js/76756.7b06f21b.pretty.js","140517","220970","1","5830"
"62115.535dac38.js","readable_js/62115.535dac38.pretty.js","140328","161255","1","1503"
"91915-54b34f10.js","readable_js/91915-54b34f10.pretty.js","138902","150462","1","455"
"52089.d0fdfa73.js","readable_js/52089.d0fdfa73.pretty.js","137912","166132","1","1950"
"47611.42ee6df9.js","readable_js/47611.42ee6df9.pretty.js","134637","150774","1","1176"
"15175.570cff7b.js","readable_js/15175.570cff7b.pretty.js","134108","150244","1","1176"
"70413.570cff7b.js","readable_js/70413.570cff7b.pretty.js","134108","150244","1","1176"
"92794.570cff7b.js","readable_js/92794.570cff7b.pretty.js","134108","150244","1","1176"
"58675.da882e8a.js","readable_js/58675.da882e8a.pretty.js","133144","155523","1","1611"
"76546.56ad0d6e.js","readable_js/76546.56ad0d6e.pretty.js","132661","147664","1","1128"
"77676.71559eab.js","readable_js/77676.71559eab.pretty.js","131714","159071","1","1872"
"23223-9b89ab86.js","readable_js/23223-9b89ab86.pretty.js","130095","138924","1","399"
"56834-67be8618.js","readable_js/56834-67be8618.pretty.js","123442","153256","1","2522"
"19552.d3ef0a6f.js","readable_js/19552.d3ef0a6f.pretty.js","122095","138669","1","1282"
"10188.0cd009aa.js","readable_js/10188.0cd009aa.pretty.js","120227","135495","1","1106"
"37336.084b8613.js","readable_js/37336.084b8613.pretty.js","118723","183953","1","4383"
"69624.cf0f0c03.js","readable_js/69624.cf0f0c03.pretty.js","117741","132283","1","1038"
"93281.cb5e4d75.js","readable_js/93281.cb5e4d75.pretty.js","117636","120907","1","235"
"61508.ff3d35a7.js","readable_js/61508.ff3d35a7.pretty.js","111881","119785","1","618"
"77547.1ee921ff.js","readable_js/77547.1ee921ff.pretty.js","111799","126779","1","1074"
"24598.127c6b42.js","readable_js/24598.127c6b42.pretty.js","110826","116406","1","390"
"3734.fcaf65a6.js","readable_js/3734.fcaf65a6.pretty.js","109469","220185","1","8174"
"9733.dbcbf3d9.js","readable_js/9733.dbcbf3d9.pretty.js","109133","124002","1","1063"
"13821.19c32f7f.js","readable_js/13821.19c32f7f.pretty.js","108973","123711","1","1052"
"13958-91152030.js","readable_js/13958-91152030.pretty.js","108898","121825","1","1046"
