route,category,source_count,source_files,sources_sample
/user/index,user,202,202,raw/ilearn.thu.edu.tw/course-advance-setting.html; raw/ilearn.thu.edu.tw/course-audits.html; raw/ilearn.thu.edu.tw/course-catalog-wrapper.html; raw/ilearn.thu.edu.tw/course-classifications.html; raw/ilearn.thu.edu.tw/course-completeness__q_ee1eaef797.html; raw/ilearn.thu.edu.tw/course-cover.html; raw/ilearn.thu.edu.tw/course-credit-setting.html; raw/ilearn.thu.edu.tw/course-estimate-wrapper.html; raw/ilearn.thu.edu.tw/course-estimates-replies/index.html; raw/ilearn.thu.edu.tw/course-estimates/avatarSmallUrl.html
/user/courses,user,192,192,raw/ilearn.thu.edu.tw/course-advance-setting.html; raw/ilearn.thu.edu.tw/course-audits.html; raw/ilearn.thu.edu.tw/course-catalog-wrapper.html; raw/ilearn.thu.edu.tw/course-classifications.html; raw/ilearn.thu.edu.tw/course-completeness__q_ee1eaef797.html; raw/ilearn.thu.edu.tw/course-cover.html; raw/ilearn.thu.edu.tw/course-credit-setting.html; raw/ilearn.thu.edu.tw/course-estimate-wrapper.html; raw/ilearn.thu.edu.tw/course-estimates-replies/index.html; raw/ilearn.thu.edu.tw/course-estimates/avatarSmallUrl.html
/user/resources/files,user,190,190,raw/ilearn.thu.edu.tw/course-advance-setting.html; raw/ilearn.thu.edu.tw/course-audits.html; raw/ilearn.thu.edu.tw/course-catalog-wrapper.html; raw/ilearn.thu.edu.tw/course-classifications.html; raw/ilearn.thu.edu.tw/course-completeness__q_ee1eaef797.html; raw/ilearn.thu.edu.tw/course-cover.html; raw/ilearn.thu.edu.tw/course-credit-setting.html; raw/ilearn.thu.edu.tw/course-estimate-wrapper.html; raw/ilearn.thu.edu.tw/course-estimates-replies/index.html; raw/ilearn.thu.edu.tw/course-estimates/avatarSmallUrl.html
/org/global-config,org,189,189,raw/ilearn.thu.edu.tw/course-advance-setting.html; raw/ilearn.thu.edu.tw/course-audits.html; raw/ilearn.thu.edu.tw/course-catalog-wrapper.html; raw/ilearn.thu.edu.tw/course-classifications.html; raw/ilearn.thu.edu.tw/course-completeness__q_ee1eaef797.html; raw/ilearn.thu.edu.tw/course-cover.html; raw/ilearn.thu.edu.tw/course-credit-setting.html; raw/ilearn.thu.edu.tw/course-estimate-wrapper.html; raw/ilearn.thu.edu.tw/course-estimates-replies/index.html; raw/ilearn.thu.edu.tw/course-estimates/avatarSmallUrl.html
/user/settings,user,187,187,raw/ilearn.thu.edu.tw/course-advance-setting.html; raw/ilearn.thu.edu.tw/course-audits.html; raw/ilearn.thu.edu.tw/course-catalog-wrapper.html; raw/ilearn.thu.edu.tw/course-classifications.html; raw/ilearn.thu.edu.tw/course-completeness__q_ee1eaef797.html; raw/ilearn.thu.edu.tw/course-cover.html; raw/ilearn.thu.edu.tw/course-credit-setting.html; raw/ilearn.thu.edu.tw/course-estimate-wrapper.html; raw/ilearn.thu.edu.tw/course-estimates-replies/index.html; raw/ilearn.thu.edu.tw/course-estimates/avatarSmallUrl.html
/course/,course,186,186,raw/ilearn.thu.edu.tw/static/10310.1168e67d.js; raw/ilearn.thu.edu.tw/static/10383.d04ce83a.js; raw/ilearn.thu.edu.tw/static/10409.3c0dcb73.js; raw/ilearn.thu.edu.tw/static/11708.a556fce2.js; raw/ilearn.thu.edu.tw/static/12159.7fb514eb.js; raw/ilearn.thu.edu.tw/static/12308.102041f5.js; raw/ilearn.thu.edu.tw/static/14279.f75486f1.js; raw/ilearn.thu.edu.tw/static/14433.8da36488.js; raw/ilearn.thu.edu.tw/static/14928.ccbfea64.js; raw/ilearn.thu.edu.tw/static/15471.49137ee2.js
/user/sites-menu,user,186,186,raw/ilearn.thu.edu.tw/course-advance-setting.html; raw/ilearn.thu.edu.tw/course-audits.html; raw/ilearn.thu.edu.tw/course-catalog-wrapper.html; raw/ilearn.thu.edu.tw/course-classifications.html; raw/ilearn.thu.edu.tw/course-completeness__q_ee1eaef797.html; raw/ilearn.thu.edu.tw/course-cover.html; raw/ilearn.thu.edu.tw/course-credit-setting.html; raw/ilearn.thu.edu.tw/course-estimate-wrapper.html; raw/ilearn.thu.edu.tw/course-estimates-replies/index.html; raw/ilearn.thu.edu.tw/course-estimates/avatarSmallUrl.html
/public-course#/all,public-course,185,185,raw/ilearn.thu.edu.tw/course-advance-setting.html; raw/ilearn.thu.edu.tw/course-audits.html; raw/ilearn.thu.edu.tw/course-catalog-wrapper.html; raw/ilearn.thu.edu.tw/course-classifications.html; raw/ilearn.thu.edu.tw/course-completeness__q_ee1eaef797.html; raw/ilearn.thu.edu.tw/course-cover.html; raw/ilearn.thu.edu.tw/course-credit-setting.html; raw/ilearn.thu.edu.tw/course-estimate-wrapper.html; raw/ilearn.thu.edu.tw/course-estimates-replies/index.html; raw/ilearn.thu.edu.tw/course-estimates/avatarSmallUrl.html
/learning-activity#/,learning-activity,58,58,raw/ilearn.thu.edu.tw/static/10409.3c0dcb73.js; raw/ilearn.thu.edu.tw/static/12159.7fb514eb.js; raw/ilearn.thu.edu.tw/static/14279.f75486f1.js; raw/ilearn.thu.edu.tw/static/17767.aae6c84c.js; raw/ilearn.thu.edu.tw/static/18464.45bffd86.js; raw/ilearn.thu.edu.tw/static/20152.3ad1066f.js; raw/ilearn.thu.edu.tw/static/20807.fed7a5e0.js; raw/ilearn.thu.edu.tw/static/25489.a2b39580.js; raw/ilearn.thu.edu.tw/static/26132-3e4ab0d2.js; raw/ilearn.thu.edu.tw/static/27124.080abd31.js
/learning-activity#/exam/,learning-activity,27,27,raw/ilearn.thu.edu.tw/static/10310.1168e67d.js; raw/ilearn.thu.edu.tw/static/12159.7fb514eb.js; raw/ilearn.thu.edu.tw/static/12308.102041f5.js; raw/ilearn.thu.edu.tw/static/17983.a5926995.js; raw/ilearn.thu.edu.tw/static/19332.1c341036.js; raw/ilearn.thu.edu.tw/static/28053.55204cf2.js; raw/ilearn.thu.edu.tw/static/31275.12236065.js; raw/ilearn.thu.edu.tw/static/35205.a1ccb6f5.js; raw/ilearn.thu.edu.tw/static/35655.2969eda4.js; raw/ilearn.thu.edu.tw/static/38941.c87e76c7.js
/learning-activity/full-screen#/,learning-activity,23,23,raw/ilearn.thu.edu.tw/static/12159.7fb514eb.js; raw/ilearn.thu.edu.tw/static/16064.6c2c8939.js; raw/ilearn.thu.edu.tw/static/24371.6373ecd8.js; raw/ilearn.thu.edu.tw/static/24418.a3bc3234.js; raw/ilearn.thu.edu.tw/static/2896.c02ef48c.js; raw/ilearn.thu.edu.tw/static/30699.190d3e8e.js; raw/ilearn.thu.edu.tw/static/31510.c03f0ff5.js; raw/ilearn.thu.edu.tw/static/3998.fd6d67c1.js; raw/ilearn.thu.edu.tw/static/4413.48fd5df4.js; raw/ilearn.thu.edu.tw/static/46056-bf17f3c8.js
/resources,resources,22,22,raw/ilearn.thu.edu.tw/static/23977.ebaa5322.js; raw/ilearn.thu.edu.tw/static/27609.04e6959b.js; raw/ilearn.thu.edu.tw/static/36824.bcd6489f.js; raw/ilearn.thu.edu.tw/static/37336.084b8613.js; raw/ilearn.thu.edu.tw/static/40251.b93d27d4.js; raw/ilearn.thu.edu.tw/static/44346.7b57b52e.js; raw/ilearn.thu.edu.tw/static/50446.4b9b0bcc.js; raw/ilearn.thu.edu.tw/static/51708-096d42d6.js; raw/ilearn.thu.edu.tw/static/56748-43cfa952.js; raw/ilearn.thu.edu.tw/static/63756-b6ed5817.js
/exams,exams,18,18,raw/ilearn.thu.edu.tw/static/10257.5f75a4b2.js; raw/ilearn.thu.edu.tw/static/12159.7fb514eb.js; raw/ilearn.thu.edu.tw/static/25170.2159310c.js; raw/ilearn.thu.edu.tw/static/31110.2a0173f2.js; raw/ilearn.thu.edu.tw/static/32436.9894d604.js; raw/ilearn.thu.edu.tw/static/37192.d0839c93.js; raw/ilearn.thu.edu.tw/static/52507.583e35f3.js; raw/ilearn.thu.edu.tw/static/68805.a47db79c.js; raw/ilearn.thu.edu.tw/static/78723.49249bea.js; raw/ilearn.thu.edu.tw/static/82017-1e48dc04.js
/learning-activity/full-screen#/questionnaire/,learning-activity,17,17,raw/ilearn.thu.edu.tw/static/12159.7fb514eb.js; raw/ilearn.thu.edu.tw/static/20807.fed7a5e0.js; raw/ilearn.thu.edu.tw/static/28509.a0b2d0f0.js; raw/ilearn.thu.edu.tw/static/35205.a1ccb6f5.js; raw/ilearn.thu.edu.tw/static/41789.52c6778d.js; raw/ilearn.thu.edu.tw/static/42585.3fa356ed.js; raw/ilearn.thu.edu.tw/static/54964-7faa4ec3.js; raw/ilearn.thu.edu.tw/static/56097.6e052f70.js; raw/ilearn.thu.edu.tw/static/72914-965f4ad4.js; raw/ilearn.thu.edu.tw/static/75978.a48c8fb8.js
/user/resources/subject-libs,user,16,16,raw/ilearn.thu.edu.tw/static/50559.79503daf.js; raw/ilearn.thu.edu.tw/static/99038.bc3a4ccc.js; raw/ilearn.thu.edu.tw/user/courses.html; raw/ilearn.thu.edu.tw/user/courses__q_634b7b9d78.html; raw/ilearn.thu.edu.tw/user/index__q_7833fea385.html; raw/ilearn.thu.edu.tw/user/resource-groups.html; raw/ilearn.thu.edu.tw/user/resources/collection.html; raw/ilearn.thu.edu.tw/user/resources/files.html; raw/ilearn.thu.edu.tw/user/resources/shared.html; raw/ilearn.thu.edu.tw/user/resources/slides.html
/exam/,exam,15,15,raw/ilearn.thu.edu.tw/static/10035.853f7abc.js; raw/ilearn.thu.edu.tw/static/12308.102041f5.js; raw/ilearn.thu.edu.tw/static/14433.8da36488.js; raw/ilearn.thu.edu.tw/static/19446.6fdaa169.js; raw/ilearn.thu.edu.tw/static/32436.9894d604.js; raw/ilearn.thu.edu.tw/static/34691.515731f8.js; raw/ilearn.thu.edu.tw/static/34908-683cb506.js; raw/ilearn.thu.edu.tw/static/44346.7b57b52e.js; raw/ilearn.thu.edu.tw/static/51262.4b082c39.js; raw/ilearn.thu.edu.tw/static/56488.5dafa7c7.js
/rollcall,rollcall,15,15,raw/ilearn.thu.edu.tw/static/12159.7fb514eb.js; raw/ilearn.thu.edu.tw/static/18326.bedfc73f.js; raw/ilearn.thu.edu.tw/static/19832.b33b43a5.js; raw/ilearn.thu.edu.tw/static/28509.a0b2d0f0.js; raw/ilearn.thu.edu.tw/static/28605.fa92e51e.js; raw/ilearn.thu.edu.tw/static/63256.3e10694e.js; raw/ilearn.thu.edu.tw/static/68805.a47db79c.js; raw/ilearn.thu.edu.tw/static/7693.6ddfbed1.js; raw/ilearn.thu.edu.tw/static/85489.5300ac04.js; raw/ilearn.thu.edu.tw/static/86422.36d3f50f.js
/user/resources/video-quizzes,user,15,15,raw/ilearn.thu.edu.tw/static/99038.bc3a4ccc.js; raw/ilearn.thu.edu.tw/user/courses.html; raw/ilearn.thu.edu.tw/user/courses__q_634b7b9d78.html; raw/ilearn.thu.edu.tw/user/index__q_7833fea385.html; raw/ilearn.thu.edu.tw/user/resource-groups.html; raw/ilearn.thu.edu.tw/user/resources/collection.html; raw/ilearn.thu.edu.tw/user/resources/files.html; raw/ilearn.thu.edu.tw/user/resources/shared.html; raw/ilearn.thu.edu.tw/user/resources/slides.html; raw/ilearn.thu.edu.tw/user/resources/subject-libs.html
/exam-student-status,exam-student-status,14,14,raw/ilearn.thu.edu.tw/static/12159.7fb514eb.js; raw/ilearn.thu.edu.tw/static/19832.b33b43a5.js; raw/ilearn.thu.edu.tw/static/28605.fa92e51e.js; raw/ilearn.thu.edu.tw/static/63256.3e10694e.js; raw/ilearn.thu.edu.tw/static/68805.a47db79c.js; raw/ilearn.thu.edu.tw/static/7693.6ddfbed1.js; raw/ilearn.thu.edu.tw/static/82017-1e48dc04.js; raw/ilearn.thu.edu.tw/static/86422.36d3f50f.js; raw/ilearn.thu.edu.tw/static/91320.6f83888e.js; raw/ilearn.thu.edu.tw/static/91962-91463afb.js
/forum-scores,forum-scores,14,14,raw/ilearn.thu.edu.tw/static/12159.7fb514eb.js; raw/ilearn.thu.edu.tw/static/25170.2159310c.js; raw/ilearn.thu.edu.tw/static/44346.7b57b52e.js; raw/ilearn.thu.edu.tw/static/50759.ba0ade2f.js; raw/ilearn.thu.edu.tw/static/72088.556a45f3.js; raw/ilearn.thu.edu.tw/static/78723.49249bea.js; raw/ilearn.thu.edu.tw/static/82017-1e48dc04.js; raw/ilearn.thu.edu.tw/static/83727.aab0cb48.js; raw/ilearn.thu.edu.tw/static/88788.161d6b6a.js; raw/ilearn.thu.edu.tw/static/8979.df45e854.js
/homework-student-status,homework-student-status,14,14,raw/ilearn.thu.edu.tw/static/12159.7fb514eb.js; raw/ilearn.thu.edu.tw/static/19832.b33b43a5.js; raw/ilearn.thu.edu.tw/static/28605.fa92e51e.js; raw/ilearn.thu.edu.tw/static/63256.3e10694e.js; raw/ilearn.thu.edu.tw/static/68805.a47db79c.js; raw/ilearn.thu.edu.tw/static/7693.6ddfbed1.js; raw/ilearn.thu.edu.tw/static/82017-1e48dc04.js; raw/ilearn.thu.edu.tw/static/86422.36d3f50f.js; raw/ilearn.thu.edu.tw/static/91320.6f83888e.js; raw/ilearn.thu.edu.tw/static/91962-91463afb.js
/rollcall-score,rollcall-score,14,14,raw/ilearn.thu.edu.tw/static/12159.7fb514eb.js; raw/ilearn.thu.edu.tw/static/19832.b33b43a5.js; raw/ilearn.thu.edu.tw/static/28605.fa92e51e.js; raw/ilearn.thu.edu.tw/static/54964-7faa4ec3.js; raw/ilearn.thu.edu.tw/static/63256.3e10694e.js; raw/ilearn.thu.edu.tw/static/68805.a47db79c.js; raw/ilearn.thu.edu.tw/static/7693.6ddfbed1.js; raw/ilearn.thu.edu.tw/static/79137.cf5b6a1f.js; raw/ilearn.thu.edu.tw/static/82017-1e48dc04.js; raw/ilearn.thu.edu.tw/static/86422.36d3f50f.js
/rollcall/setting,rollcall,14,14,raw/ilearn.thu.edu.tw/static/12159.7fb514eb.js; raw/ilearn.thu.edu.tw/static/19832.b33b43a5.js; raw/ilearn.thu.edu.tw/static/28605.fa92e51e.js; raw/ilearn.thu.edu.tw/static/63256.3e10694e.js; raw/ilearn.thu.edu.tw/static/68805.a47db79c.js; raw/ilearn.thu.edu.tw/static/7693.6ddfbed1.js; raw/ilearn.thu.edu.tw/static/82017-1e48dc04.js; raw/ilearn.thu.edu.tw/static/86422.36d3f50f.js; raw/ilearn.thu.edu.tw/static/91320.6f83888e.js; raw/ilearn.thu.edu.tw/static/91962-91463afb.js
/examinees/,examinees,13,13,raw/ilearn.thu.edu.tw/static/19446.6fdaa169.js; raw/ilearn.thu.edu.tw/static/31110.2a0173f2.js; raw/ilearn.thu.edu.tw/static/32436.9894d604.js; raw/ilearn.thu.edu.tw/static/34691.515731f8.js; raw/ilearn.thu.edu.tw/static/37192.d0839c93.js; raw/ilearn.thu.edu.tw/static/42585.3fa356ed.js; raw/ilearn.thu.edu.tw/static/50446.4b9b0bcc.js; raw/ilearn.thu.edu.tw/static/52507.583e35f3.js; raw/ilearn.thu.edu.tw/static/56488.5dafa7c7.js; raw/ilearn.thu.edu.tw/static/71999.889e7289.js
/courses/,courses,12,12,raw/ilearn.thu.edu.tw/static/10257.5f75a4b2.js; raw/ilearn.thu.edu.tw/static/12159.7fb514eb.js; raw/ilearn.thu.edu.tw/static/16941-c2ecc958.js; raw/ilearn.thu.edu.tw/static/31510.c03f0ff5.js; raw/ilearn.thu.edu.tw/static/41568.0adf30d4.js; raw/ilearn.thu.edu.tw/static/49294.50a0a8b3.js; raw/ilearn.thu.edu.tw/static/5636-3297b778.js; raw/ilearn.thu.edu.tw/static/73644.1ab1287a.js; raw/ilearn.thu.edu.tw/static/79055.ee36c6a2.js; raw/ilearn.thu.edu.tw/static/82017-1e48dc04.js
/rollcalls,rollcalls,12,12,raw/ilearn.thu.edu.tw/static/18326.bedfc73f.js; raw/ilearn.thu.edu.tw/static/19832.b33b43a5.js; raw/ilearn.thu.edu.tw/static/28605.fa92e51e.js; raw/ilearn.thu.edu.tw/static/44346.7b57b52e.js; raw/ilearn.thu.edu.tw/static/63256.3e10694e.js; raw/ilearn.thu.edu.tw/static/68805.a47db79c.js; raw/ilearn.thu.edu.tw/static/71196.5077b7df.js; raw/ilearn.thu.edu.tw/static/7693.6ddfbed1.js; raw/ilearn.thu.edu.tw/static/86422.36d3f50f.js; raw/ilearn.thu.edu.tw/static/91320.6f83888e.js
/learning-activity#/classroom/,learning-activity,11,11,raw/ilearn.thu.edu.tw/static/12159.7fb514eb.js; raw/ilearn.thu.edu.tw/static/28509.a0b2d0f0.js; raw/ilearn.thu.edu.tw/static/35205.a1ccb6f5.js; raw/ilearn.thu.edu.tw/static/37336.084b8613.js; raw/ilearn.thu.edu.tw/static/54964-7faa4ec3.js; raw/ilearn.thu.edu.tw/static/72914-965f4ad4.js; raw/ilearn.thu.edu.tw/static/79137.cf5b6a1f.js; raw/ilearn.thu.edu.tw/static/83727.aab0cb48.js; raw/ilearn.thu.edu.tw/static/88478.a888aade.js; raw/ilearn.thu.edu.tw/static/js/lms-main-898f71e6.js
/learning-activity#exam/,learning-activity,11,11,raw/ilearn.thu.edu.tw/static/20807.fed7a5e0.js; raw/ilearn.thu.edu.tw/static/35205.a1ccb6f5.js; raw/ilearn.thu.edu.tw/static/42585.3fa356ed.js; raw/ilearn.thu.edu.tw/static/56097.6e052f70.js; raw/ilearn.thu.edu.tw/static/59414.7893dd9b.js; raw/ilearn.thu.edu.tw/static/72914-965f4ad4.js; raw/ilearn.thu.edu.tw/static/75978.a48c8fb8.js; raw/ilearn.thu.edu.tw/static/83383.c4e6a35f.js; raw/ilearn.thu.edu.tw/static/84711.cdc9aeb9.js; raw/ilearn.thu.edu.tw/static/88478.a888aade.js
/teaching-team/groups,teaching-team,11,11,raw/ilearn.thu.edu.tw/static/26703.244911cf.js; raw/ilearn.thu.edu.tw/static/28605.fa92e51e.js; raw/ilearn.thu.edu.tw/static/36105.3af57479.js; raw/ilearn.thu.edu.tw/static/44346.7b57b52e.js; raw/ilearn.thu.edu.tw/static/63256.3e10694e.js; raw/ilearn.thu.edu.tw/static/66297.9aa2f6d5.js; raw/ilearn.thu.edu.tw/static/72088.556a45f3.js; raw/ilearn.thu.edu.tw/static/78723.49249bea.js; raw/ilearn.thu.edu.tw/static/8979.df45e854.js; raw/ilearn.thu.edu.tw/static/91962-91463afb.js
/courses?fields=,courses,10,10,raw/ilearn.thu.edu.tw/static/19832.b33b43a5.js; raw/ilearn.thu.edu.tw/static/28605.fa92e51e.js; raw/ilearn.thu.edu.tw/static/58960.1daf8fad.js; raw/ilearn.thu.edu.tw/static/63256.3e10694e.js; raw/ilearn.thu.edu.tw/static/68805.a47db79c.js; raw/ilearn.thu.edu.tw/static/7693.6ddfbed1.js; raw/ilearn.thu.edu.tw/static/86422.36d3f50f.js; raw/ilearn.thu.edu.tw/static/91320.6f83888e.js; raw/ilearn.thu.edu.tw/static/91962-91463afb.js; raw/ilearn.thu.edu.tw/static/99006.38242dc9.js
/exam-scores?no-intercept=true,exam-scores,10,10,raw/ilearn.thu.edu.tw/static/12159.7fb514eb.js; raw/ilearn.thu.edu.tw/static/25170.2159310c.js; raw/ilearn.thu.edu.tw/static/78723.49249bea.js; raw/ilearn.thu.edu.tw/static/82017-1e48dc04.js; raw/ilearn.thu.edu.tw/static/83727.aab0cb48.js; raw/ilearn.thu.edu.tw/static/8979.df45e854.js; raw/ilearn.thu.edu.tw/static/98133-ef5ebb8f.js; raw/ilearn.thu.edu.tw/static/js/lms-main-898f71e6.js; raw/ilearn.thu.edu.tw/static/js/main-portal-cc072a5a.js; raw/ilearn.thu.edu.tw/static/js/main-public-course-aa8290d5.js
/settings,settings,10,10,raw/ilearn.thu.edu.tw/static/21137.a69eb96c.js; raw/ilearn.thu.edu.tw/static/27609.04e6959b.js; raw/ilearn.thu.edu.tw/static/28492.65731154.js; raw/ilearn.thu.edu.tw/static/31552.691da904.js; raw/ilearn.thu.edu.tw/static/37336.084b8613.js; raw/ilearn.thu.edu.tw/static/49009.a1deb8c2.js; raw/ilearn.thu.edu.tw/static/58273.e82db5f8.js; raw/ilearn.thu.edu.tw/static/78310.c45679af.js; raw/ilearn.thu.edu.tw/static/88788.161d6b6a.js; raw/ilearn.thu.edu.tw/static/94862.200578e9.js
/teaching-team/orgs,teaching-team,10,10,raw/ilearn.thu.edu.tw/static/19832.b33b43a5.js; raw/ilearn.thu.edu.tw/static/28605.fa92e51e.js; raw/ilearn.thu.edu.tw/static/41567.34eed4ea.js; raw/ilearn.thu.edu.tw/static/63256.3e10694e.js; raw/ilearn.thu.edu.tw/static/68805.a47db79c.js; raw/ilearn.thu.edu.tw/static/7693.6ddfbed1.js; raw/ilearn.thu.edu.tw/static/86422.36d3f50f.js; raw/ilearn.thu.edu.tw/static/91320.6f83888e.js; raw/ilearn.thu.edu.tw/static/91962-91463afb.js; raw/ilearn.thu.edu.tw/static/99006.38242dc9.js
/course-classifications,course-classifications,9,9,raw/ilearn.thu.edu.tw/static/14928.ccbfea64.js; raw/ilearn.thu.edu.tw/static/24712-18317acc.js; raw/ilearn.thu.edu.tw/static/30801-25982468.js; raw/ilearn.thu.edu.tw/static/42585.3fa356ed.js; raw/ilearn.thu.edu.tw/static/49294.50a0a8b3.js; raw/ilearn.thu.edu.tw/static/67163.4abe9584.js; raw/ilearn.thu.edu.tw/static/7693.6ddfbed1.js; raw/ilearn.thu.edu.tw/static/79055.ee36c6a2.js; raw/ilearn.thu.edu.tw/static/82017-1e48dc04.js
/homework-scores?fields=,homework-scores,9,9,raw/ilearn.thu.edu.tw/static/19832.b33b43a5.js; raw/ilearn.thu.edu.tw/static/28605.fa92e51e.js; raw/ilearn.thu.edu.tw/static/63256.3e10694e.js; raw/ilearn.thu.edu.tw/static/68805.a47db79c.js; raw/ilearn.thu.edu.tw/static/7693.6ddfbed1.js; raw/ilearn.thu.edu.tw/static/86422.36d3f50f.js; raw/ilearn.thu.edu.tw/static/91320.6f83888e.js; raw/ilearn.thu.edu.tw/static/91962-91463afb.js; raw/ilearn.thu.edu.tw/static/99006.38242dc9.js
/resource,resource,9,9,raw/ilearn.thu.edu.tw/static/34908-683cb506.js; raw/ilearn.thu.edu.tw/static/35205.a1ccb6f5.js; raw/ilearn.thu.edu.tw/static/37705.d942f4e7.js; raw/ilearn.thu.edu.tw/static/4064.23477b84.js; raw/ilearn.thu.edu.tw/static/55269.751db329.js; raw/ilearn.thu.edu.tw/static/6194.9278dbfd.js; raw/ilearn.thu.edu.tw/static/67184-b33fe039.js; raw/ilearn.thu.edu.tw/static/72592.28fdf93c.js; raw/ilearn.thu.edu.tw/static/72914-965f4ad4.js
/users-small-avatars,users-small-avatars,9,9,raw/ilearn.thu.edu.tw/static/19832.b33b43a5.js; raw/ilearn.thu.edu.tw/static/28605.fa92e51e.js; raw/ilearn.thu.edu.tw/static/63256.3e10694e.js; raw/ilearn.thu.edu.tw/static/68805.a47db79c.js; raw/ilearn.thu.edu.tw/static/7693.6ddfbed1.js; raw/ilearn.thu.edu.tw/static/86422.36d3f50f.js; raw/ilearn.thu.edu.tw/static/91320.6f83888e.js; raw/ilearn.thu.edu.tw/static/91962-91463afb.js; raw/ilearn.thu.edu.tw/static/99006.38242dc9.js
/courses,courses,8,8,raw/ilearn.thu.edu.tw/static/11812.92e9ccfe.js; raw/ilearn.thu.edu.tw/static/23977.ebaa5322.js; raw/ilearn.thu.edu.tw/static/40251.b93d27d4.js; raw/ilearn.thu.edu.tw/static/49592.0ad88a29.js; raw/ilearn.thu.edu.tw/static/67853-6eb5a068.js; raw/ilearn.thu.edu.tw/static/72914-965f4ad4.js; raw/ilearn.thu.edu.tw/static/78946.84d34ae9.js; raw/ilearn.thu.edu.tw/static/93155.0c0ec13a.js
/examinees,examinees,8,8,raw/ilearn.thu.edu.tw/static/19446.6fdaa169.js; raw/ilearn.thu.edu.tw/static/34691.515731f8.js; raw/ilearn.thu.edu.tw/static/42585.3fa356ed.js; raw/ilearn.thu.edu.tw/static/44346.7b57b52e.js; raw/ilearn.thu.edu.tw/static/50446.4b9b0bcc.js; raw/ilearn.thu.edu.tw/static/76445.efefe93a.js; raw/ilearn.thu.edu.tw/static/83727.aab0cb48.js; raw/ilearn.thu.edu.tw/static/90406.9cacc319.js
/forum-activities,forum-activities,8,8,raw/ilearn.thu.edu.tw/static/12159.7fb514eb.js; raw/ilearn.thu.edu.tw/static/25170.2159310c.js; raw/ilearn.thu.edu.tw/static/78723.49249bea.js; raw/ilearn.thu.edu.tw/static/83727.aab0cb48.js; raw/ilearn.thu.edu.tw/static/8979.df45e854.js; raw/ilearn.thu.edu.tw/static/98133-ef5ebb8f.js; raw/ilearn.thu.edu.tw/static/js/lms-main-898f71e6.js; raw/ilearn.thu.edu.tw/static/js/main-public-course-aa8290d5.js
/forum?show_sidebar=false#/topics/,forum,8,8,raw/ilearn.thu.edu.tw/static/11708.a556fce2.js; raw/ilearn.thu.edu.tw/static/35205.a1ccb6f5.js; raw/ilearn.thu.edu.tw/static/50759.ba0ade2f.js; raw/ilearn.thu.edu.tw/static/52497.cd3c0177.js; raw/ilearn.thu.edu.tw/static/63694.55639e9f.js; raw/ilearn.thu.edu.tw/static/71852.f013338f.js; raw/ilearn.thu.edu.tw/static/72914-965f4ad4.js; raw/ilearn.thu.edu.tw/static/94119.6a53ddb1.js
/homework-scores,homework-scores,8,8,raw/ilearn.thu.edu.tw/static/11812.92e9ccfe.js; raw/ilearn.thu.edu.tw/static/12159.7fb514eb.js; raw/ilearn.thu.edu.tw/static/42585.3fa356ed.js; raw/ilearn.thu.edu.tw/static/55200.e380810d.js; raw/ilearn.thu.edu.tw/static/72088.556a45f3.js; raw/ilearn.thu.edu.tw/static/88788.161d6b6a.js; raw/ilearn.thu.edu.tw/static/js/lms-main-898f71e6.js; raw/ilearn.thu.edu.tw/static/js/main-public-course-aa8290d5.js
/resource/,resource,8,8,raw/ilearn.thu.edu.tw/static/37336.084b8613.js; raw/ilearn.thu.edu.tw/static/50446.4b9b0bcc.js; raw/ilearn.thu.edu.tw/static/56748-43cfa952.js; raw/ilearn.thu.edu.tw/static/63756-b6ed5817.js; raw/ilearn.thu.edu.tw/static/70619-686c4819.js; raw/ilearn.thu.edu.tw/static/78946.84d34ae9.js; raw/ilearn.thu.edu.tw/static/99439.0d4c2abb.js; raw/ilearn.thu.edu.tw/static/js/main-portal-cc072a5a.js
/resources/,resources,8,8,raw/ilearn.thu.edu.tw/static/27609.04e6959b.js; raw/ilearn.thu.edu.tw/static/44346.7b57b52e.js; raw/ilearn.thu.edu.tw/static/74302.a9e02d94.js; raw/ilearn.thu.edu.tw/static/76756.7b06f21b.js; raw/ilearn.thu.edu.tw/static/77887.e982b363.js; raw/ilearn.thu.edu.tw/static/80670-16696de3.js; raw/ilearn.thu.edu.tw/static/82017-1e48dc04.js; raw/ilearn.thu.edu.tw/static/95397.bb70580d.js
/user/,user,8,8,raw/ilearn.thu.edu.tw/static/25753.6c691880.js; raw/ilearn.thu.edu.tw/static/32177.f2bc5d50.js; raw/ilearn.thu.edu.tw/static/34423.a5cefcd5.js; raw/ilearn.thu.edu.tw/static/67133.08e1a687.js; raw/ilearn.thu.edu.tw/static/82440.2e3d1706.js; raw/ilearn.thu.edu.tw/static/83176.908d40cb.js; raw/ilearn.thu.edu.tw/static/88788.161d6b6a.js; raw/ilearn.thu.edu.tw/static/94795.2ff75664.js
/course/classroom-exam/,course,7,7,raw/ilearn.thu.edu.tw/static/19446.6fdaa169.js; raw/ilearn.thu.edu.tw/static/34691.515731f8.js; raw/ilearn.thu.edu.tw/static/37336.084b8613.js; raw/ilearn.thu.edu.tw/static/51262.4b082c39.js; raw/ilearn.thu.edu.tw/static/82017-1e48dc04.js; raw/ilearn.thu.edu.tw/static/88788.161d6b6a.js; raw/ilearn.thu.edu.tw/static/94299.52749a48.js
/courses-to-merged,courses-to-merged,7,7,raw/ilearn.thu.edu.tw/static/15134.740fc306.js; raw/ilearn.thu.edu.tw/static/37336.084b8613.js; raw/ilearn.thu.edu.tw/static/41789.52c6778d.js; raw/ilearn.thu.edu.tw/static/44346.7b57b52e.js; raw/ilearn.thu.edu.tw/static/49294.50a0a8b3.js; raw/ilearn.thu.edu.tw/static/82017-1e48dc04.js; raw/ilearn.thu.edu.tw/static/js/main-portal-cc072a5a.js
/courseware,courseware,7,7,raw/ilearn.thu.edu.tw/static/27724.2ef3f54f.js; raw/ilearn.thu.edu.tw/static/55200.e380810d.js; raw/ilearn.thu.edu.tw/static/5727.fe67c462.js; raw/ilearn.thu.edu.tw/static/58273.e82db5f8.js; raw/ilearn.thu.edu.tw/static/65174.dce3e42d.js; raw/ilearn.thu.edu.tw/static/88788.161d6b6a.js; raw/ilearn.thu.edu.tw/static/89151.33ad6225.js
/resource-audit,resource-audit,7,7,raw/ilearn.thu.edu.tw/static/15134.740fc306.js; raw/ilearn.thu.edu.tw/static/37336.084b8613.js; raw/ilearn.thu.edu.tw/static/41789.52c6778d.js; raw/ilearn.thu.edu.tw/static/44346.7b57b52e.js; raw/ilearn.thu.edu.tw/static/49294.50a0a8b3.js; raw/ilearn.thu.edu.tw/static/82017-1e48dc04.js; raw/ilearn.thu.edu.tw/static/js/main-portal-cc072a5a.js
/user/search,user,7,7,raw/ilearn.thu.edu.tw/static/25753.6c691880.js; raw/ilearn.thu.edu.tw/static/30801-25982468.js; raw/ilearn.thu.edu.tw/static/32177.f2bc5d50.js; raw/ilearn.thu.edu.tw/static/34423.a5cefcd5.js; raw/ilearn.thu.edu.tw/static/67133.08e1a687.js; raw/ilearn.thu.edu.tw/static/82440.2e3d1706.js; raw/ilearn.thu.edu.tw/static/94795.2ff75664.js
/user/slides/,user,7,7,raw/ilearn.thu.edu.tw/static/18012.8701c2e1.js; raw/ilearn.thu.edu.tw/static/2276.c8da6806.js; raw/ilearn.thu.edu.tw/static/2469.2015e9b3.js; raw/ilearn.thu.edu.tw/static/27093.22d65938.js; raw/ilearn.thu.edu.tw/static/46056-bf17f3c8.js; raw/ilearn.thu.edu.tw/static/49420.b30bc6e4.js; raw/ilearn.thu.edu.tw/static/88788.161d6b6a.js
/course/package/{expr},course,6,6,raw/ilearn.thu.edu.tw/course/162381/content.html; raw/ilearn.thu.edu.tw/course/164205/content.html; raw/ilearn.thu.edu.tw/course/165573/content.html; raw/ilearn.thu.edu.tw/course/166026/content.html; raw/ilearn.thu.edu.tw/course/166800/content.html; raw/ilearn.thu.edu.tw/course/169476/content.html
/course/{expr}/content#/,course,6,6,raw/ilearn.thu.edu.tw/course/162381/content.html; raw/ilearn.thu.edu.tw/course/164205/content.html; raw/ilearn.thu.edu.tw/course/165573/content.html; raw/ilearn.thu.edu.tw/course/166026/content.html; raw/ilearn.thu.edu.tw/course/166800/content.html; raw/ilearn.thu.edu.tw/course/169476/content.html
/course/{id}/bulletin,course,6,6,raw/ilearn.thu.edu.tw/course/162381/content.html; raw/ilearn.thu.edu.tw/course/164205/content.html; raw/ilearn.thu.edu.tw/course/165573/content.html; raw/ilearn.thu.edu.tw/course/166026/content.html; raw/ilearn.thu.edu.tw/course/166800/content.html; raw/ilearn.thu.edu.tw/course/169476/content.html
/course/{id}/classroom,course,6,6,raw/ilearn.thu.edu.tw/course/162381/content.html; raw/ilearn.thu.edu.tw/course/164205/content.html; raw/ilearn.thu.edu.tw/course/165573/content.html; raw/ilearn.thu.edu.tw/course/166026/content.html; raw/ilearn.thu.edu.tw/course/166800/content.html; raw/ilearn.thu.edu.tw/course/169476/content.html
/course/{id}/content,course,6,6,raw/ilearn.thu.edu.tw/course/162381/content.html; raw/ilearn.thu.edu.tw/course/164205/content.html; raw/ilearn.thu.edu.tw/course/165573/content.html; raw/ilearn.thu.edu.tw/course/166026/content.html; raw/ilearn.thu.edu.tw/course/166800/content.html; raw/ilearn.thu.edu.tw/course/169476/content.html
/course/{id}/courseware,course,6,6,raw/ilearn.thu.edu.tw/course/162381/content.html; raw/ilearn.thu.edu.tw/course/164205/content.html; raw/ilearn.thu.edu.tw/course/165573/content.html; raw/ilearn.thu.edu.tw/course/166026/content.html; raw/ilearn.thu.edu.tw/course/166800/content.html; raw/ilearn.thu.edu.tw/course/169476/content.html
/course/{id}/enrollments,course,6,6,raw/ilearn.thu.edu.tw/course/162381/content.html; raw/ilearn.thu.edu.tw/course/164205/content.html; raw/ilearn.thu.edu.tw/course/165573/content.html; raw/ilearn.thu.edu.tw/course/166026/content.html; raw/ilearn.thu.edu.tw/course/166800/content.html; raw/ilearn.thu.edu.tw/course/169476/content.html
/course/{id}/evaluation,course,6,6,raw/ilearn.thu.edu.tw/course/162381/content.html; raw/ilearn.thu.edu.tw/course/164205/content.html; raw/ilearn.thu.edu.tw/course/165573/content.html; raw/ilearn.thu.edu.tw/course/166026/content.html; raw/ilearn.thu.edu.tw/course/166800/content.html; raw/ilearn.thu.edu.tw/course/169476/content.html
/course/{id}/exam,course,6,6,raw/ilearn.thu.edu.tw/course/162381/content.html; raw/ilearn.thu.edu.tw/course/164205/content.html; raw/ilearn.thu.edu.tw/course/165573/content.html; raw/ilearn.thu.edu.tw/course/166026/content.html; raw/ilearn.thu.edu.tw/course/166800/content.html; raw/ilearn.thu.edu.tw/course/169476/content.html
/course/{id}/forum,course,6,6,raw/ilearn.thu.edu.tw/course/162381/content.html; raw/ilearn.thu.edu.tw/course/164205/content.html; raw/ilearn.thu.edu.tw/course/165573/content.html; raw/ilearn.thu.edu.tw/course/166026/content.html; raw/ilearn.thu.edu.tw/course/166800/content.html; raw/ilearn.thu.edu.tw/course/169476/content.html
/course/{id}/group-set,course,6,6,raw/ilearn.thu.edu.tw/course/162381/content.html; raw/ilearn.thu.edu.tw/course/164205/content.html; raw/ilearn.thu.edu.tw/course/165573/content.html; raw/ilearn.thu.edu.tw/course/166026/content.html; raw/ilearn.thu.edu.tw/course/166800/content.html; raw/ilearn.thu.edu.tw/course/169476/content.html
/course/{id}/homework,course,6,6,raw/ilearn.thu.edu.tw/course/162381/content.html; raw/ilearn.thu.edu.tw/course/164205/content.html; raw/ilearn.thu.edu.tw/course/165573/content.html; raw/ilearn.thu.edu.tw/course/166026/content.html; raw/ilearn.thu.edu.tw/course/166800/content.html; raw/ilearn.thu.edu.tw/course/169476/content.html
/course/{id}/index#/,course,6,6,raw/ilearn.thu.edu.tw/course/162381/content.html; raw/ilearn.thu.edu.tw/course/164205/content.html; raw/ilearn.thu.edu.tw/course/165573/content.html; raw/ilearn.thu.edu.tw/course/166026/content.html; raw/ilearn.thu.edu.tw/course/166800/content.html; raw/ilearn.thu.edu.tw/course/169476/content.html
/course/{id}/live-activities,course,6,6,raw/ilearn.thu.edu.tw/course/162381/content.html; raw/ilearn.thu.edu.tw/course/164205/content.html; raw/ilearn.thu.edu.tw/course/165573/content.html; raw/ilearn.thu.edu.tw/course/166026/content.html; raw/ilearn.thu.edu.tw/course/166800/content.html; raw/ilearn.thu.edu.tw/course/169476/content.html
/course/{id}/my-stat,course,6,6,raw/ilearn.thu.edu.tw/course/162381/content.html; raw/ilearn.thu.edu.tw/course/164205/content.html; raw/ilearn.thu.edu.tw/course/165573/content.html; raw/ilearn.thu.edu.tw/course/166026/content.html; raw/ilearn.thu.edu.tw/course/166800/content.html; raw/ilearn.thu.edu.tw/course/169476/content.html
/course/{id}/note,course,6,6,raw/ilearn.thu.edu.tw/course/162381/content.html; raw/ilearn.thu.edu.tw/course/164205/content.html; raw/ilearn.thu.edu.tw/course/165573/content.html; raw/ilearn.thu.edu.tw/course/166026/content.html; raw/ilearn.thu.edu.tw/course/166800/content.html; raw/ilearn.thu.edu.tw/course/169476/content.html
/course/{id}/notebook,course,6,6,raw/ilearn.thu.edu.tw/course/162381/content.html; raw/ilearn.thu.edu.tw/course/164205/content.html; raw/ilearn.thu.edu.tw/course/165573/content.html; raw/ilearn.thu.edu.tw/course/166026/content.html; raw/ilearn.thu.edu.tw/course/166800/content.html; raw/ilearn.thu.edu.tw/course/169476/content.html
/course/{id}/outline,course,6,6,raw/ilearn.thu.edu.tw/course/162381/content.html; raw/ilearn.thu.edu.tw/course/164205/content.html; raw/ilearn.thu.edu.tw/course/165573/content.html; raw/ilearn.thu.edu.tw/course/166026/content.html; raw/ilearn.thu.edu.tw/course/166800/content.html; raw/ilearn.thu.edu.tw/course/169476/content.html
/course/{id}/questionnaire,course,6,6,raw/ilearn.thu.edu.tw/course/162381/content.html; raw/ilearn.thu.edu.tw/course/164205/content.html; raw/ilearn.thu.edu.tw/course/165573/content.html; raw/ilearn.thu.edu.tw/course/166026/content.html; raw/ilearn.thu.edu.tw/course/166800/content.html; raw/ilearn.thu.edu.tw/course/169476/content.html
/course/{id}/rollcall,course,6,6,raw/ilearn.thu.edu.tw/course/162381/content.html; raw/ilearn.thu.edu.tw/course/164205/content.html; raw/ilearn.thu.edu.tw/course/165573/content.html; raw/ilearn.thu.edu.tw/course/166026/content.html; raw/ilearn.thu.edu.tw/course/166800/content.html; raw/ilearn.thu.edu.tw/course/169476/content.html
/course/{id}/score,course,6,6,raw/ilearn.thu.edu.tw/course/162381/content.html; raw/ilearn.thu.edu.tw/course/164205/content.html; raw/ilearn.thu.edu.tw/course/165573/content.html; raw/ilearn.thu.edu.tw/course/166026/content.html; raw/ilearn.thu.edu.tw/course/166800/content.html; raw/ilearn.thu.edu.tw/course/169476/content.html
/exam-submissions,exam-submissions,6,6,raw/ilearn.thu.edu.tw/static/25170.2159310c.js; raw/ilearn.thu.edu.tw/static/56821.10ffdb15.js; raw/ilearn.thu.edu.tw/static/78723.49249bea.js; raw/ilearn.thu.edu.tw/static/83727.aab0cb48.js; raw/ilearn.thu.edu.tw/static/8979.df45e854.js; raw/ilearn.thu.edu.tw/static/98133-ef5ebb8f.js
/forum#/learning-activity/,forum,6,6,raw/ilearn.thu.edu.tw/static/20807.fed7a5e0.js; raw/ilearn.thu.edu.tw/static/56097.6e052f70.js; raw/ilearn.thu.edu.tw/static/75978.a48c8fb8.js; raw/ilearn.thu.edu.tw/static/83383.c4e6a35f.js; raw/ilearn.thu.edu.tw/static/84711.cdc9aeb9.js; raw/ilearn.thu.edu.tw/static/95128.8705b488.js
/learning-activity#/questionnaire/,learning-activity,6,6,raw/ilearn.thu.edu.tw/static/12159.7fb514eb.js; raw/ilearn.thu.edu.tw/static/35205.a1ccb6f5.js; raw/ilearn.thu.edu.tw/static/72914-965f4ad4.js; raw/ilearn.thu.edu.tw/static/99038.bc3a4ccc.js; raw/ilearn.thu.edu.tw/static/js/lms-main-898f71e6.js; raw/ilearn.thu.edu.tw/static/js/main-public-course-aa8290d5.js
/learning-activity/full-screen#/exam/,learning-activity,6,6,raw/ilearn.thu.edu.tw/static/32063.7b204944.js; raw/ilearn.thu.edu.tw/static/38579-e131fb7d.js; raw/ilearn.thu.edu.tw/static/52507.583e35f3.js; raw/ilearn.thu.edu.tw/static/58870.a1dc1e8d.js; raw/ilearn.thu.edu.tw/static/90406.9cacc319.js; raw/ilearn.thu.edu.tw/static/98222.8de0acc8.js
/login?next=,login,6,6,raw/ilearn.thu.edu.tw/static/14928.ccbfea64.js; raw/ilearn.thu.edu.tw/static/27093.22d65938.js; raw/ilearn.thu.edu.tw/static/32177.f2bc5d50.js; raw/ilearn.thu.edu.tw/static/6670.d8c7a443.js; raw/ilearn.thu.edu.tw/static/72525.f719bf4f.js; raw/ilearn.thu.edu.tw/static/72914-965f4ad4.js
/user/resources/course-packages,user,6,6,raw/ilearn.thu.edu.tw/course/162381/content.html; raw/ilearn.thu.edu.tw/course/164205/content.html; raw/ilearn.thu.edu.tw/course/165573/content.html; raw/ilearn.thu.edu.tw/course/166026/content.html; raw/ilearn.thu.edu.tw/course/166800/content.html; raw/ilearn.thu.edu.tw/course/169476/content.html
/user/settings#/?target=microsoft-bind,user,6,6,raw/ilearn.thu.edu.tw/course/162381/content.html; raw/ilearn.thu.edu.tw/course/164205/content.html; raw/ilearn.thu.edu.tw/course/165573/content.html; raw/ilearn.thu.edu.tw/course/166026/content.html; raw/ilearn.thu.edu.tw/course/166800/content.html; raw/ilearn.thu.edu.tw/course/169476/content.html
/users/,users,6,6,raw/ilearn.thu.edu.tw/static/10257.5f75a4b2.js; raw/ilearn.thu.edu.tw/static/21943.5dca6268.js; raw/ilearn.thu.edu.tw/static/27093.22d65938.js; raw/ilearn.thu.edu.tw/static/41986.fbf3188d.js; raw/ilearn.thu.edu.tw/static/82017-1e48dc04.js; raw/ilearn.thu.edu.tw/static/js/main-portal-cc072a5a.js
/course,course,5,5,raw/ilearn.thu.edu.tw/static/18012.8701c2e1.js; raw/ilearn.thu.edu.tw/static/44346.7b57b52e.js; raw/ilearn.thu.edu.tw/static/59246.3ab4838a.js; raw/ilearn.thu.edu.tw/static/6194.9278dbfd.js; raw/ilearn.thu.edu.tw/static/69818.d9060642.js
/course-estimates/,course-estimates,5,5,raw/ilearn.thu.edu.tw/static/24712-18317acc.js; raw/ilearn.thu.edu.tw/static/49294.50a0a8b3.js; raw/ilearn.thu.edu.tw/static/76987.9d0adda9.js; raw/ilearn.thu.edu.tw/static/79055.ee36c6a2.js; raw/ilearn.thu.edu.tw/static/82017-1e48dc04.js
/examinees?is_makeup_exam=,examinees,5,5,raw/ilearn.thu.edu.tw/static/31110.2a0173f2.js; raw/ilearn.thu.edu.tw/static/32436.9894d604.js; raw/ilearn.thu.edu.tw/static/37192.d0839c93.js; raw/ilearn.thu.edu.tw/static/52507.583e35f3.js; raw/ilearn.thu.edu.tw/static/82017-1e48dc04.js
/forum,forum,5,5,raw/ilearn.thu.edu.tw/static/27724.2ef3f54f.js; raw/ilearn.thu.edu.tw/static/31510.c03f0ff5.js; raw/ilearn.thu.edu.tw/static/42585.3fa356ed.js; raw/ilearn.thu.edu.tw/static/50759.ba0ade2f.js; raw/ilearn.thu.edu.tw/static/65174.dce3e42d.js
/homework-activities,homework-activities,5,5,raw/ilearn.thu.edu.tw/static/25170.2159310c.js; raw/ilearn.thu.edu.tw/static/78723.49249bea.js; raw/ilearn.thu.edu.tw/static/83727.aab0cb48.js; raw/ilearn.thu.edu.tw/static/8979.df45e854.js; raw/ilearn.thu.edu.tw/static/98133-ef5ebb8f.js
/homework-submission-number,homework-submission-number,5,5,raw/ilearn.thu.edu.tw/static/25170.2159310c.js; raw/ilearn.thu.edu.tw/static/78723.49249bea.js; raw/ilearn.thu.edu.tw/static/83727.aab0cb48.js; raw/ilearn.thu.edu.tw/static/8979.df45e854.js; raw/ilearn.thu.edu.tw/static/98133-ef5ebb8f.js
/homework/submission-status?no-intercept=true,homework,5,5,raw/ilearn.thu.edu.tw/static/25170.2159310c.js; raw/ilearn.thu.edu.tw/static/78723.49249bea.js; raw/ilearn.thu.edu.tw/static/83727.aab0cb48.js; raw/ilearn.thu.edu.tw/static/8979.df45e854.js; raw/ilearn.thu.edu.tw/static/98133-ef5ebb8f.js
/settings?form_type=,settings,5,5,raw/ilearn.thu.edu.tw/static/21137.a69eb96c.js; raw/ilearn.thu.edu.tw/static/27609.04e6959b.js; raw/ilearn.thu.edu.tw/static/31552.691da904.js; raw/ilearn.thu.edu.tw/static/49009.a1deb8c2.js; raw/ilearn.thu.edu.tw/static/94862.200578e9.js
/user/resource-groups#/,user,5,5,raw/ilearn.thu.edu.tw/static/18278.e25f810b.js; raw/ilearn.thu.edu.tw/static/35205.a1ccb6f5.js; raw/ilearn.thu.edu.tw/static/50559.79503daf.js; raw/ilearn.thu.edu.tw/static/72525.f719bf4f.js; raw/ilearn.thu.edu.tw/static/72914-965f4ad4.js
/course-advance-setting,course-advance-setting,4,4,raw/ilearn.thu.edu.tw/static/4742.b8a8d253.js; raw/ilearn.thu.edu.tw/static/49592.0ad88a29.js; raw/ilearn.thu.edu.tw/static/54964-7faa4ec3.js; raw/ilearn.thu.edu.tw/static/60797.036cfe1d.js
/course-package,course-package,4,4,raw/ilearn.thu.edu.tw/static/18012.8701c2e1.js; raw/ilearn.thu.edu.tw/static/44346.7b57b52e.js; raw/ilearn.thu.edu.tw/static/59246.3ab4838a.js; raw/ilearn.thu.edu.tw/static/82017-1e48dc04.js
/course-roles/,course-roles,4,4,raw/ilearn.thu.edu.tw/static/19619.6081b084.js; raw/ilearn.thu.edu.tw/static/34671.c9d36f7b.js; raw/ilearn.thu.edu.tw/static/6696.3bfff1df.js; raw/ilearn.thu.edu.tw/static/93392.97d11656.js
/courses/public,courses,4,4,raw/ilearn.thu.edu.tw/static/24712-18317acc.js; raw/ilearn.thu.edu.tw/static/49294.50a0a8b3.js; raw/ilearn.thu.edu.tw/static/79055.ee36c6a2.js; raw/ilearn.thu.edu.tw/static/82017-1e48dc04.js
/examinee/,examinee,4,4,raw/ilearn.thu.edu.tw/static/28509.a0b2d0f0.js; raw/ilearn.thu.edu.tw/static/37336.084b8613.js; raw/ilearn.thu.edu.tw/static/44346.7b57b52e.js; raw/ilearn.thu.edu.tw/static/56488.5dafa7c7.js
/resource-groups,resource-groups,4,4,raw/ilearn.thu.edu.tw/static/25753.6c691880.js; raw/ilearn.thu.edu.tw/static/30801-25982468.js; raw/ilearn.thu.edu.tw/static/34423.a5cefcd5.js; raw/ilearn.thu.edu.tw/static/7693.6ddfbed1.js
/resources/rank,resources,4,4,raw/ilearn.thu.edu.tw/static/23977.ebaa5322.js; raw/ilearn.thu.edu.tw/static/40251.b93d27d4.js; raw/ilearn.thu.edu.tw/static/67853-6eb5a068.js; raw/ilearn.thu.edu.tw/static/78946.84d34ae9.js
/teaching-weeks,teaching-weeks,4,4,raw/ilearn.thu.edu.tw/static/44346.7b57b52e.js; raw/ilearn.thu.edu.tw/static/49294.50a0a8b3.js; raw/ilearn.thu.edu.tw/static/79055.ee36c6a2.js; raw/ilearn.thu.edu.tw/static/82017-1e48dc04.js
/user-roles,user-roles,4,4,raw/ilearn.thu.edu.tw/static/19619.6081b084.js; raw/ilearn.thu.edu.tw/static/34671.c9d36f7b.js; raw/ilearn.thu.edu.tw/static/6696.3bfff1df.js; raw/ilearn.thu.edu.tw/static/93392.97d11656.js
/calendar-meeting/excel?conditions=,calendar-meeting,3,3,raw/ilearn.thu.edu.tw/static/31510.c03f0ff5.js; raw/ilearn.thu.edu.tw/static/70397.11a0efa6.js; raw/ilearn.thu.edu.tw/static/87899.f2d33e40.js
/calendar-meeting?page=,calendar-meeting,3,3,raw/ilearn.thu.edu.tw/static/31510.c03f0ff5.js; raw/ilearn.thu.edu.tw/static/70397.11a0efa6.js; raw/ilearn.thu.edu.tw/static/87899.f2d33e40.js
/course-estimates-replies/,course-estimates-replies,3,3,raw/ilearn.thu.edu.tw/static/49294.50a0a8b3.js; raw/ilearn.thu.edu.tw/static/79055.ee36c6a2.js; raw/ilearn.thu.edu.tw/static/82017-1e48dc04.js
/course-summary-wrapper,course-summary-wrapper,3,3,raw/ilearn.thu.edu.tw/static/18012.8701c2e1.js; raw/ilearn.thu.edu.tw/static/27093.22d65938.js; raw/ilearn.thu.edu.tw/static/98451.e84ea91c.js
/course/questionnaire-exam/,course,3,3,raw/ilearn.thu.edu.tw/static/10035.853f7abc.js; raw/ilearn.thu.edu.tw/static/19446.6fdaa169.js; raw/ilearn.thu.edu.tw/static/34691.515731f8.js
/courses/public/stats,courses,3,3,raw/ilearn.thu.edu.tw/static/49294.50a0a8b3.js; raw/ilearn.thu.edu.tw/static/79055.ee36c6a2.js; raw/ilearn.thu.edu.tw/static/82017-1e48dc04.js
/exam,exam,3,3,raw/ilearn.thu.edu.tw/static/72088.556a45f3.js; raw/ilearn.thu.edu.tw/static/82440.2e3d1706.js; raw/ilearn.thu.edu.tw/static/88788.161d6b6a.js
/exam-list,exam-list,3,3,raw/ilearn.thu.edu.tw/static/10257.5f75a4b2.js; raw/ilearn.thu.edu.tw/static/58870.a1dc1e8d.js; raw/ilearn.thu.edu.tw/static/91962-91463afb.js
/exam-scores,exam-scores,3,3,raw/ilearn.thu.edu.tw/static/11812.92e9ccfe.js; raw/ilearn.thu.edu.tw/static/72088.556a45f3.js; raw/ilearn.thu.edu.tw/static/88788.161d6b6a.js
/exams/,exams,3,3,raw/ilearn.thu.edu.tw/static/10257.5f75a4b2.js; raw/ilearn.thu.edu.tw/static/72088.556a45f3.js; raw/ilearn.thu.edu.tw/static/88788.161d6b6a.js
/exams?fields=,exams,3,3,raw/ilearn.thu.edu.tw/static/11812.92e9ccfe.js; raw/ilearn.thu.edu.tw/static/72088.556a45f3.js; raw/ilearn.thu.edu.tw/static/88788.161d6b6a.js
/homework,homework,3,3,raw/ilearn.thu.edu.tw/static/42585.3fa356ed.js; raw/ilearn.thu.edu.tw/static/72088.556a45f3.js; raw/ilearn.thu.edu.tw/static/88788.161d6b6a.js
"/homework-scores?fields=id,title,data,start_time,end_time,syllabus_id,module_id,is_announce_score_time_passed,score_percentage,created_at,prerequisites,module_sort,syllabus_sort,sort,publish_type,is_in_progress",homework-scores,3,3,raw/ilearn.thu.edu.tw/static/12159.7fb514eb.js; raw/ilearn.thu.edu.tw/static/82017-1e48dc04.js; raw/ilearn.thu.edu.tw/static/js/main-portal-cc072a5a.js
/homework/duplicate-lib,homework,3,3,raw/ilearn.thu.edu.tw/static/45685.4e07b7a7.js; raw/ilearn.thu.edu.tw/static/70619-686c4819.js; raw/ilearn.thu.edu.tw/static/84769.6cb6a87f.js
/homeworks,homeworks,3,3,raw/ilearn.thu.edu.tw/static/10257.5f75a4b2.js; raw/ilearn.thu.edu.tw/static/68805.a47db79c.js; raw/ilearn.thu.edu.tw/static/89616.6d040071.js
/homeworks/,homeworks,3,3,raw/ilearn.thu.edu.tw/static/10257.5f75a4b2.js; raw/ilearn.thu.edu.tw/static/72088.556a45f3.js; raw/ilearn.thu.edu.tw/static/88788.161d6b6a.js
/learning-activity#/feedback/,learning-activity,3,3,raw/ilearn.thu.edu.tw/static/28509.a0b2d0f0.js; raw/ilearn.thu.edu.tw/static/37336.084b8613.js; raw/ilearn.thu.edu.tw/static/83727.aab0cb48.js
/learning-activity/full-screen#,learning-activity,3,3,raw/ilearn.thu.edu.tw/static/14433.8da36488.js; raw/ilearn.thu.edu.tw/static/34908-683cb506.js; raw/ilearn.thu.edu.tw/static/72592.28fdf93c.js
/learning-activity/full-screen#/classroom/,learning-activity,3,3,raw/ilearn.thu.edu.tw/static/28509.a0b2d0f0.js; raw/ilearn.thu.edu.tw/static/37336.084b8613.js; raw/ilearn.thu.edu.tw/static/83727.aab0cb48.js
/learning-activity/full-screen#/feedback/,learning-activity,3,3,raw/ilearn.thu.edu.tw/static/28509.a0b2d0f0.js; raw/ilearn.thu.edu.tw/static/37336.084b8613.js; raw/ilearn.thu.edu.tw/static/83727.aab0cb48.js
/resource/materials,resource,3,3,raw/ilearn.thu.edu.tw/static/6194.9278dbfd.js; raw/ilearn.thu.edu.tw/static/69818.d9060642.js; raw/ilearn.thu.edu.tw/static/99439.0d4c2abb.js
/resources/folder,resources,3,3,raw/ilearn.thu.edu.tw/static/56748-43cfa952.js; raw/ilearn.thu.edu.tw/static/72914-965f4ad4.js; raw/ilearn.thu.edu.tw/static/78946.84d34ae9.js
/rollcall/scores,rollcall,3,3,raw/ilearn.thu.edu.tw/static/12159.7fb514eb.js; raw/ilearn.thu.edu.tw/static/js/lms-main-898f71e6.js; raw/ilearn.thu.edu.tw/static/js/main-public-course-aa8290d5.js
/rollcalls?page=,rollcalls,3,3,raw/ilearn.thu.edu.tw/static/83176.908d40cb.js; raw/ilearn.thu.edu.tw/static/93366.14a0fcf7.js; raw/ilearn.thu.edu.tw/static/94862.200578e9.js
/teaching-calendar,teaching-calendar,3,3,raw/ilearn.thu.edu.tw/static/49294.50a0a8b3.js; raw/ilearn.thu.edu.tw/static/79055.ee36c6a2.js; raw/ilearn.thu.edu.tw/static/82017-1e48dc04.js
/teaching-calendars,teaching-calendars,3,3,raw/ilearn.thu.edu.tw/static/49294.50a0a8b3.js; raw/ilearn.thu.edu.tw/static/79055.ee36c6a2.js; raw/ilearn.thu.edu.tw/static/82017-1e48dc04.js
/teaching-tasks,teaching-tasks,3,3,raw/ilearn.thu.edu.tw/static/49294.50a0a8b3.js; raw/ilearn.thu.edu.tw/static/79055.ee36c6a2.js; raw/ilearn.thu.edu.tw/static/82017-1e48dc04.js
/teaching-team#/forum/,teaching-team,3,3,raw/ilearn.thu.edu.tw/static/35205.a1ccb6f5.js; raw/ilearn.thu.edu.tw/static/5380.198de5fe.js; raw/ilearn.thu.edu.tw/static/72914-965f4ad4.js
/user-visits,user-visits,3,3,raw/ilearn.thu.edu.tw/static/82017-1e48dc04.js; raw/ilearn.thu.edu.tw/static/8870.8a2f9339.js; raw/ilearn.thu.edu.tw/static/js/main-portal-cc072a5a.js
/user/project,user,3,3,raw/ilearn.thu.edu.tw/static/67184-b33fe039.js; raw/ilearn.thu.edu.tw/static/72914-965f4ad4.js; raw/ilearn.thu.edu.tw/static/99038.bc3a4ccc.js
/user/resources/entries/,user,3,3,raw/ilearn.thu.edu.tw/static/14433.8da36488.js; raw/ilearn.thu.edu.tw/static/8751.50229f20.js; raw/ilearn.thu.edu.tw/static/88788.161d6b6a.js
/user/resources/lesson-resource,user,3,3,raw/ilearn.thu.edu.tw/static/36162.22238ca1.js; raw/ilearn.thu.edu.tw/static/99038.bc3a4ccc.js; raw/ilearn.thu.edu.tw/user/index__q_7833fea385.html
/user/resources/subject-libs#?parent_id=,user,3,3,raw/ilearn.thu.edu.tw/static/50559.79503daf.js; raw/ilearn.thu.edu.tw/static/72525.f719bf4f.js; raw/ilearn.thu.edu.tw/static/94299.52749a48.js
/users,users,3,3,raw/ilearn.thu.edu.tw/static/41986.fbf3188d.js; raw/ilearn.thu.edu.tw/static/71999.889e7289.js; raw/ilearn.thu.edu.tw/static/82017-1e48dc04.js
/course-completeness?page=,course-completeness,2,2,raw/ilearn.thu.edu.tw/static/72088.556a45f3.js; raw/ilearn.thu.edu.tw/static/88788.161d6b6a.js
/course/course_template/0/preview,course,2,2,raw/ilearn.thu.edu.tw/static/25163.4f7c3b16.js; raw/ilearn.thu.edu.tw/static/81959.f1d9d1b3.js
/course/virtual-experiments/,course,2,2,raw/ilearn.thu.edu.tw/static/82017-1e48dc04.js; raw/ilearn.thu.edu.tw/static/88788.161d6b6a.js
/course/{expr}/content,course,2,2,raw/ilearn.thu.edu.tw/chatbot/chatbot.umd.js; raw/ilearn.thu.edu.tw/user/index__q_7833fea385.html
/course/{expr}/learning-activity#/{expr},course,2,2,raw/ilearn.thu.edu.tw/user/index__q_7833fea385.html; raw/ilearn.thu.edu.tw/user/resources/slides.html
/courses-number,courses-number,2,2,raw/ilearn.thu.edu.tw/static/11812.92e9ccfe.js; raw/ilearn.thu.edu.tw/static/49592.0ad88a29.js
/courses/count,courses,2,2,raw/ilearn.thu.edu.tw/static/26755.0336f93f.js; raw/ilearn.thu.edu.tw/static/76987.9d0adda9.js
/courseware-activities,courseware-activities,2,2,raw/ilearn.thu.edu.tw/static/16941-c2ecc958.js; raw/ilearn.thu.edu.tw/static/5636-3297b778.js
/courseware-quiz/quiz/,courseware-quiz,2,2,raw/ilearn.thu.edu.tw/static/51708-096d42d6.js; raw/ilearn.thu.edu.tw/static/77503-ccf74164.js
/coursewares,coursewares,2,2,raw/ilearn.thu.edu.tw/static/2896.c02ef48c.js; raw/ilearn.thu.edu.tw/static/5727.fe67c462.js
/exams/submission-status,exams,2,2,raw/ilearn.thu.edu.tw/static/72088.556a45f3.js; raw/ilearn.thu.edu.tw/static/88788.161d6b6a.js
/exams/{param},exams,2,2,raw/ilearn.thu.edu.tw/static/68805.a47db79c.js; raw/ilearn.thu.edu.tw/static/89616.6d040071.js
/forum-score,forum-score,2,2,raw/ilearn.thu.edu.tw/static/44346.7b57b52e.js; raw/ilearn.thu.edu.tw/static/50759.ba0ade2f.js
/forum-status,forum-status,2,2,raw/ilearn.thu.edu.tw/static/44346.7b57b52e.js; raw/ilearn.thu.edu.tw/static/50759.ba0ade2f.js
/forum/{param},forum,2,2,raw/ilearn.thu.edu.tw/static/79067.19cccb75.js; raw/ilearn.thu.edu.tw/static/943.9f27a35c.js
/homework#/duplicate-lib,homework,2,2,raw/ilearn.thu.edu.tw/static/34908-683cb506.js; raw/ilearn.thu.edu.tw/static/72592.28fdf93c.js
/homework-score,homework-score,2,2,raw/ilearn.thu.edu.tw/static/42585.3fa356ed.js; raw/ilearn.thu.edu.tw/static/55200.e380810d.js
/homework-scores?user_ids=,homework-scores,2,2,raw/ilearn.thu.edu.tw/static/42585.3fa356ed.js; raw/ilearn.thu.edu.tw/static/55200.e380810d.js
/homeworks/submission-status,homeworks,2,2,raw/ilearn.thu.edu.tw/static/72088.556a45f3.js; raw/ilearn.thu.edu.tw/static/88788.161d6b6a.js
/homeworks/{param},homeworks,2,2,raw/ilearn.thu.edu.tw/static/68805.a47db79c.js; raw/ilearn.thu.edu.tw/static/89616.6d040071.js
/learning-activity,learning-activity,2,2,raw/ilearn.thu.edu.tw/static/55200.e380810d.js; raw/ilearn.thu.edu.tw/static/5727.fe67c462.js
/login,login,2,2,raw/ilearn.thu.edu.tw/static/17261.40691132.js; raw/ilearn.thu.edu.tw/static/26755.0336f93f.js
/login-settings,login-settings,2,2,raw/ilearn.thu.edu.tw/static/46056-bf17f3c8.js; raw/ilearn.thu.edu.tw/static/7693.6ddfbed1.js
/login?next=/course/,login,2,2,raw/ilearn.thu.edu.tw/static/27093.22d65938.js; raw/ilearn.thu.edu.tw/static/51310.68c3f526.js
/notifications/read,notifications,2,2,raw/ilearn.thu.edu.tw/static/82017-1e48dc04.js; raw/ilearn.thu.edu.tw/static/js/main-portal-cc072a5a.js
/notifications?limit=5,notifications,2,2,raw/ilearn.thu.edu.tw/static/82017-1e48dc04.js; raw/ilearn.thu.edu.tw/static/js/main-portal-cc072a5a.js
/notifications?limit=5&additionalFields=unread_count&removed=only_mobile,notifications,2,2,raw/ilearn.thu.edu.tw/static/82017-1e48dc04.js; raw/ilearn.thu.edu.tw/static/js/main-portal-cc072a5a.js
/orgs/,orgs,2,2,raw/ilearn.thu.edu.tw/static/26755.0336f93f.js; raw/ilearn.thu.edu.tw/static/76987.9d0adda9.js
/public-course#/all?classificationId=,public-course,2,2,raw/ilearn.thu.edu.tw/static/26755.0336f93f.js; raw/ilearn.thu.edu.tw/static/67163.4abe9584.js
/quizzes,quizzes,2,2,raw/ilearn.thu.edu.tw/static/51708-096d42d6.js; raw/ilearn.thu.edu.tw/static/77503-ccf74164.js
/resource-operation-pre-check?upload_reference_ids=,resource-operation-pre-check,2,2,raw/ilearn.thu.edu.tw/static/56748-43cfa952.js; raw/ilearn.thu.edu.tw/static/78946.84d34ae9.js
/resource/exercise-libs,resource,2,2,raw/ilearn.thu.edu.tw/static/6194.9278dbfd.js; raw/ilearn.thu.edu.tw/static/99439.0d4c2abb.js
/resource/stat,resource,2,2,raw/ilearn.thu.edu.tw/static/16941-c2ecc958.js; raw/ilearn.thu.edu.tw/static/5636-3297b778.js
/resources/category/,resources,2,2,raw/ilearn.thu.edu.tw/static/56748-43cfa952.js; raw/ilearn.thu.edu.tw/static/78946.84d34ae9.js
/resources/classifications,resources,2,2,raw/ilearn.thu.edu.tw/static/56748-43cfa952.js; raw/ilearn.thu.edu.tw/static/78946.84d34ae9.js
/resources/classifications/sort,resources,2,2,raw/ilearn.thu.edu.tw/static/56748-43cfa952.js; raw/ilearn.thu.edu.tw/static/78946.84d34ae9.js
/resources/move,resources,2,2,raw/ilearn.thu.edu.tw/static/56748-43cfa952.js; raw/ilearn.thu.edu.tw/static/78946.84d34ae9.js
/resources/remove,resources,2,2,raw/ilearn.thu.edu.tw/static/51708-096d42d6.js; raw/ilearn.thu.edu.tw/static/77503-ccf74164.js
/resources/retry,resources,2,2,raw/ilearn.thu.edu.tw/static/51708-096d42d6.js; raw/ilearn.thu.edu.tw/static/77503-ccf74164.js
/resources/summary,resources,2,2,raw/ilearn.thu.edu.tw/static/56748-43cfa952.js; raw/ilearn.thu.edu.tw/static/78946.84d34ae9.js
/resources/uploads,resources,2,2,raw/ilearn.thu.edu.tw/static/51708-096d42d6.js; raw/ilearn.thu.edu.tw/static/77503-ccf74164.js
/setting,setting,2,2,raw/ilearn.thu.edu.tw/static/12159.7fb514eb.js; raw/ilearn.thu.edu.tw/static/49592.0ad88a29.js
/teaching-objective,teaching-objective,2,2,raw/ilearn.thu.edu.tw/static/16941-c2ecc958.js; raw/ilearn.thu.edu.tw/static/5636-3297b778.js
/teaching-objective/delete,teaching-objective,2,2,raw/ilearn.thu.edu.tw/static/16941-c2ecc958.js; raw/ilearn.thu.edu.tw/static/5636-3297b778.js
/teaching-team#/meeting/,teaching-team,2,2,raw/ilearn.thu.edu.tw/static/35205.a1ccb6f5.js; raw/ilearn.thu.edu.tw/static/72914-965f4ad4.js
/user-completeness,user-completeness,2,2,raw/ilearn.thu.edu.tw/static/72088.556a45f3.js; raw/ilearn.thu.edu.tw/static/88788.161d6b6a.js
/user-visits/browsers?days=,user-visits,2,2,raw/ilearn.thu.edu.tw/static/82017-1e48dc04.js; raw/ilearn.thu.edu.tw/static/js/main-portal-cc072a5a.js
/user-visits/date-range/browsers?start_date=,user-visits,2,2,raw/ilearn.thu.edu.tw/static/82017-1e48dc04.js; raw/ilearn.thu.edu.tw/static/js/main-portal-cc072a5a.js
/user-visits/metrics,user-visits,2,2,raw/ilearn.thu.edu.tw/static/82017-1e48dc04.js; raw/ilearn.thu.edu.tw/static/js/main-portal-cc072a5a.js
/user-visits/metrics?activity_type=,user-visits,2,2,raw/ilearn.thu.edu.tw/static/82017-1e48dc04.js; raw/ilearn.thu.edu.tw/static/js/main-portal-cc072a5a.js
/user-visits/metrics?group=,user-visits,2,2,raw/ilearn.thu.edu.tw/static/82017-1e48dc04.js; raw/ilearn.thu.edu.tw/static/js/main-portal-cc072a5a.js
"/user-visits/metrics?group_by=activity,group,type",user-visits,2,2,raw/ilearn.thu.edu.tw/static/82017-1e48dc04.js; raw/ilearn.thu.edu.tw/static/js/main-portal-cc072a5a.js
"/user-visits/metrics?group_by=activity,group,type&time_restrict=day",user-visits,2,2,raw/ilearn.thu.edu.tw/static/82017-1e48dc04.js; raw/ilearn.thu.edu.tw/static/js/main-portal-cc072a5a.js
/user-visits/metrics?group_by=user,user-visits,2,2,raw/ilearn.thu.edu.tw/static/82017-1e48dc04.js; raw/ilearn.thu.edu.tw/static/js/main-portal-cc072a5a.js
/user-visits/metrics?jwt=,user-visits,2,2,raw/ilearn.thu.edu.tw/static/10257.5f75a4b2.js; raw/ilearn.thu.edu.tw/static/30801-25982468.js
/user-visits/metrics?time_restrict=,user-visits,2,2,raw/ilearn.thu.edu.tw/static/82017-1e48dc04.js; raw/ilearn.thu.edu.tw/static/js/main-portal-cc072a5a.js
/user-visits/metrics?time_restrict=date-range&start_date=,user-visits,2,2,raw/ilearn.thu.edu.tw/static/82017-1e48dc04.js; raw/ilearn.thu.edu.tw/static/js/main-portal-cc072a5a.js
/user-visits/metrics?time_restrict=day,user-visits,2,2,raw/ilearn.thu.edu.tw/static/82017-1e48dc04.js; raw/ilearn.thu.edu.tw/static/js/main-portal-cc072a5a.js
"/user-visits/metrics?time_restrict=day&group_by=activity,group,type",user-visits,2,2,raw/ilearn.thu.edu.tw/static/82017-1e48dc04.js; raw/ilearn.thu.edu.tw/static/js/main-portal-cc072a5a.js
/user-visits/metrics?time_restrict=hour,user-visits,2,2,raw/ilearn.thu.edu.tw/static/82017-1e48dc04.js; raw/ilearn.thu.edu.tw/static/js/main-portal-cc072a5a.js
"/user-visits/metrics?time_restrict=hour&group_by=activity,group,type",user-visits,2,2,raw/ilearn.thu.edu.tw/static/82017-1e48dc04.js; raw/ilearn.thu.edu.tw/static/js/main-portal-cc072a5a.js
/user-visits/metrics?time_restrict=month,user-visits,2,2,raw/ilearn.thu.edu.tw/static/82017-1e48dc04.js; raw/ilearn.thu.edu.tw/static/js/main-portal-cc072a5a.js
"/user-visits/metrics?time_restrict=month&group_by=activity,group,type",user-visits,2,2,raw/ilearn.thu.edu.tw/static/82017-1e48dc04.js; raw/ilearn.thu.edu.tw/static/js/main-portal-cc072a5a.js
/user-visits/visits?start=,user-visits,2,2,raw/ilearn.thu.edu.tw/static/82017-1e48dc04.js; raw/ilearn.thu.edu.tw/static/js/main-portal-cc072a5a.js
/user/public-course/shared/_public_course_list.html,user,2,2,raw/ilearn.thu.edu.tw/public-course.html; raw/ilearn.thu.edu.tw/static/32862.4dbbb627.js
/user/public-course/shared/_public_course_summary.html,user,2,2,raw/ilearn.thu.edu.tw/public-course.html; raw/ilearn.thu.edu.tw/static/32862.4dbbb627.js
/user/resources/shared#/shareToMe,user,2,2,raw/ilearn.thu.edu.tw/static/50559.79503daf.js; raw/ilearn.thu.edu.tw/static/72525.f719bf4f.js
/user/vtrses,user,2,2,raw/ilearn.thu.edu.tw/static/69818.d9060642.js; raw/ilearn.thu.edu.tw/static/99038.bc3a4ccc.js
/users-avatars?type=big,users-avatars,2,2,raw/ilearn.thu.edu.tw/static/27724.2ef3f54f.js; raw/ilearn.thu.edu.tw/static/65174.dce3e42d.js
/users/edit,users,2,2,raw/ilearn.thu.edu.tw/static/19619.6081b084.js; raw/ilearn.thu.edu.tw/static/64727.dfb7503c.js
/users/user-visits/visits?start=,users,2,2,raw/ilearn.thu.edu.tw/static/82017-1e48dc04.js; raw/ilearn.thu.edu.tw/static/js/main-portal-cc072a5a.js
/users/visits,users,2,2,raw/ilearn.thu.edu.tw/static/82017-1e48dc04.js; raw/ilearn.thu.edu.tw/static/js/main-portal-cc072a5a.js
/calendar-tag,calendar-tag,1,1,raw/ilearn.thu.edu.tw/static/97195.2faf10fc.js
/course-audits,course-audits,1,1,raw/ilearn.thu.edu.tw/static/14631.e54876b2.js
/course-catalog-wrapper,course-catalog-wrapper,1,1,raw/ilearn.thu.edu.tw/static/98451.e84ea91c.js
/course-cover,course-cover,1,1,raw/ilearn.thu.edu.tw/user/index__q_7833fea385.html
/course-credit-setting,course-credit-setting,1,1,raw/ilearn.thu.edu.tw/static/49592.0ad88a29.js
/course-estimate-wrapper,course-estimate-wrapper,1,1,raw/ilearn.thu.edu.tw/static/98451.e84ea91c.js
/course-package/export,course-package,1,1,raw/ilearn.thu.edu.tw/static/82017-1e48dc04.js
/course-package/status,course-package,1,1,raw/ilearn.thu.edu.tw/static/82017-1e48dc04.js
/course-roles,course-roles,1,1,raw/ilearn.thu.edu.tw/static/78959.10ff053a.js
/course-roles/add,course-roles,1,1,raw/ilearn.thu.edu.tw/static/78959.10ff053a.js
/course-roles/{param}/course/{param},course-roles,1,1,raw/ilearn.thu.edu.tw/static/78959.10ff053a.js
/course-roles/{param}/edit,course-roles,1,1,raw/ilearn.thu.edu.tw/static/78959.10ff053a.js
/course-themes,course-themes,1,1,raw/ilearn.thu.edu.tw/static/49592.0ad88a29.js
/course/add?course_type=13,course,1,1,raw/ilearn.thu.edu.tw/static/27589.ae3b1ca0.js
/course/add?course_type=13#/,course,1,1,raw/ilearn.thu.edu.tw/static/27589.ae3b1ca0.js
/course/classroom-subjects-import-help?mode=word,course,1,1,raw/ilearn.thu.edu.tw/static/82017-1e48dc04.js
/course/course_template/,course,1,1,raw/ilearn.thu.edu.tw/static/49592.0ad88a29.js
/course/exam-subjects-import-help?mode=word&show_knowledge_node=,course,1,1,raw/ilearn.thu.edu.tw/static/82017-1e48dc04.js
/course/join/,course,1,1,raw/ilearn.thu.edu.tw/static/72914-965f4ad4.js
/course/library-subjects-import-help?mode=word&show_knowledge_node=,course,1,1,raw/ilearn.thu.edu.tw/static/82017-1e48dc04.js
/course/my-stat/note,course,1,1,raw/ilearn.thu.edu.tw/static/31110.2a0173f2.js
/course/package/,course,1,1,raw/ilearn.thu.edu.tw/static/59246.3ab4838a.js
/course/stat#/textbook,course,1,1,raw/ilearn.thu.edu.tw/static/30699.190d3e8e.js
/course/stat/note,course,1,1,raw/ilearn.thu.edu.tw/static/30699.190d3e8e.js
/course/{expr},course,1,1,raw/ilearn.thu.edu.tw/public-course.html
/course/{expr}/knowledge-graph,course,1,1,raw/ilearn.thu.edu.tw/chatbot/chatbot.umd.js
/course/{expr}/learning-activity#/{expr}?from=dashboard,course,1,1,raw/ilearn.thu.edu.tw/user/index__q_7833fea385.html
/course/{expr}/outline,course,1,1,raw/ilearn.thu.edu.tw/user/index__q_7833fea385.html
/course/{expr}/score,course,1,1,raw/ilearn.thu.edu.tw/user/index__q_7833fea385.html
/course_library,course_library,1,1,raw/ilearn.thu.edu.tw/static/34691.515731f8.js
/course_library/parent_id/{param},course_library,1,1,raw/ilearn.thu.edu.tw/static/34691.515731f8.js
/courses-for-copy,courses-for-copy,1,1,raw/ilearn.thu.edu.tw/static/41962.bc8e08bd.js
/courses-group/,courses-group,1,1,raw/ilearn.thu.edu.tw/static/58605.e8c4b20e.js
/courses/count?conditions=,courses,1,1,raw/ilearn.thu.edu.tw/static/26755.0336f93f.js
/courses/public/hot?limit=12,courses,1,1,raw/ilearn.thu.edu.tw/static/9056.3f2c59f2.js
/courses/public/latest?limit=8,courses,1,1,raw/ilearn.thu.edu.tw/static/9056.3f2c59f2.js
/courses?no-intercept=true,courses,1,1,raw/ilearn.thu.edu.tw/static/72914-965f4ad4.js
/exam#/,exam,1,1,raw/ilearn.thu.edu.tw/static/56488.5dafa7c7.js
/exam-status,exam-status,1,1,raw/ilearn.thu.edu.tw/static/56488.5dafa7c7.js
/exam/{param},exam,1,1,raw/ilearn.thu.edu.tw/static/88788.161d6b6a.js
/exam/{param}/logs,exam,1,1,raw/ilearn.thu.edu.tw/static/88788.161d6b6a.js
/exam/{param}/score-list,exam,1,1,raw/ilearn.thu.edu.tw/static/88788.161d6b6a.js
/examinee/{param},examinee,1,1,raw/ilearn.thu.edu.tw/static/78310.c45679af.js
/examinee/{param}/submission/{param},examinee,1,1,raw/ilearn.thu.edu.tw/static/37336.084b8613.js
/examinees/status,examinees,1,1,raw/ilearn.thu.edu.tw/static/71999.889e7289.js
/exams-number,exams-number,1,1,raw/ilearn.thu.edu.tw/static/56821.10ffdb15.js
"/exams?fields=id,type,sort,completion_criterion&no-intercept=true",exams,1,1,raw/ilearn.thu.edu.tw/static/13149-ab088423.js
/forum#/topic-category/,forum,1,1,raw/ilearn.thu.edu.tw/static/3998.fd6d67c1.js
/forum#/topics/,forum,1,1,raw/ilearn.thu.edu.tw/static/42585.3fa356ed.js
/forum-list,forum-list,1,1,raw/ilearn.thu.edu.tw/static/10257.5f75a4b2.js
/forum-participant-rate,forum-participant-rate,1,1,raw/ilearn.thu.edu.tw/static/94266.e5ff0ac2.js
/forum-statistics,forum-statistics,1,1,raw/ilearn.thu.edu.tw/static/94266.e5ff0ac2.js
/forum/,forum,1,1,raw/ilearn.thu.edu.tw/static/63256.3e10694e.js
/forum/topic-categories,forum,1,1,raw/ilearn.thu.edu.tw/static/88788.161d6b6a.js
/forums,forums,1,1,raw/ilearn.thu.edu.tw/static/10257.5f75a4b2.js
/homework-list,homework-list,1,1,raw/ilearn.thu.edu.tw/static/10257.5f75a4b2.js
/homework-submissions,homework-submissions,1,1,raw/ilearn.thu.edu.tw/static/56821.10ffdb15.js
/homework/,homework,1,1,raw/ilearn.thu.edu.tw/static/86889.be2f56be.js
/homework/duplicate-detect/web-report/cnki?report_type=,homework,1,1,raw/ilearn.thu.edu.tw/static/6485-41033c6b.js
/homeworks/{param}/logs,homeworks,1,1,raw/ilearn.thu.edu.tw/static/88788.161d6b6a.js
/learning-activity/full-screen/,learning-activity,1,1,raw/ilearn.thu.edu.tw/static/97620.c8167195.js
/learning-activity/metrics,learning-activity,1,1,raw/ilearn.thu.edu.tw/static/10257.5f75a4b2.js
/learning-activity/{param},learning-activity,1,1,raw/ilearn.thu.edu.tw/static/25170.2159310c.js
/learning-data,learning-data,1,1,raw/ilearn.thu.edu.tw/static/20307-0fd301f4.js
/learning-mode,learning-mode,1,1,raw/ilearn.thu.edu.tw/static/49592.0ad88a29.js
/learning-task-stat,learning-task-stat,1,1,raw/ilearn.thu.edu.tw/static/58870.a1dc1e8d.js
/messages,messages,1,1,raw/ilearn.thu.edu.tw/static/8870.8a2f9339.js
/notifications,notifications,1,1,raw/ilearn.thu.edu.tw/static/72914-965f4ad4.js
/notifications/,notifications,1,1,raw/ilearn.thu.edu.tw/static/21943.5dca6268.js
/notifications?offset=,notifications,1,1,raw/ilearn.thu.edu.tw/static/21943.5dca6268.js
/org-info,org-info,1,1,raw/ilearn.thu.edu.tw/static/12472.7cff0687.js
/org-plan-info,org-plan-info,1,1,raw/ilearn.thu.edu.tw/static/42585.3fa356ed.js
/quiz/,quiz,1,1,raw/ilearn.thu.edu.tw/static/88788.161d6b6a.js
/resource/exercise-libs/exercise_library/,resource,1,1,raw/ilearn.thu.edu.tw/static/99439.0d4c2abb.js
/resource/materials/material/,resource,1,1,raw/ilearn.thu.edu.tw/static/99439.0d4c2abb.js
/resource/{param},resource,1,1,raw/ilearn.thu.edu.tw/static/69818.d9060642.js
/resources/subject-lib,resources,1,1,raw/ilearn.thu.edu.tw/static/50559.79503daf.js
/rollcall#/,rollcall,1,1,raw/ilearn.thu.edu.tw/static/9727.544f163b.js
/rollcall-statistics,rollcall-statistics,1,1,raw/ilearn.thu.edu.tw/static/94266.e5ff0ac2.js
/teaching-class-name,teaching-class-name,1,1,raw/ilearn.thu.edu.tw/static/49592.0ad88a29.js
/teaching-class/,teaching-class,1,1,raw/ilearn.thu.edu.tw/static/28794.ce183abf.js
/teaching-courses,teaching-courses,1,1,raw/ilearn.thu.edu.tw/static/32419.cdd214b3.js
/teaching-team/roles,teaching-team,1,1,raw/ilearn.thu.edu.tw/static/41567.34eed4ea.js
/teaching-team/supervision-data,teaching-team,1,1,raw/ilearn.thu.edu.tw/static/41567.34eed4ea.js
/teaching-team/supervision-export?conditions=,teaching-team,1,1,raw/ilearn.thu.edu.tw/static/41567.34eed4ea.js
/teaching-team/users,teaching-team,1,1,raw/ilearn.thu.edu.tw/static/41567.34eed4ea.js
/teaching-team/users/,teaching-team,1,1,raw/ilearn.thu.edu.tw/static/41567.34eed4ea.js
/teaching-team/users/export?&conditions=,teaching-team,1,1,raw/ilearn.thu.edu.tw/static/41567.34eed4ea.js
/user-visits/date-range/apps?jwt=,user-visits,1,1,raw/ilearn.thu.edu.tw/static/10257.5f75a4b2.js
/user-visits/date-range/browsers?jwt=,user-visits,1,1,raw/ilearn.thu.edu.tw/static/10257.5f75a4b2.js
/user-visits/metrics?group_by=user&jwt=,user-visits,1,1,raw/ilearn.thu.edu.tw/static/10257.5f75a4b2.js
/user/certificate/student/,user,1,1,raw/ilearn.thu.edu.tw/static/11812.92e9ccfe.js
/user/chatrooms/,user,1,1,raw/ilearn.thu.edu.tw/static/88788.161d6b6a.js
/user/combine-courses,user,1,1,raw/ilearn.thu.edu.tw/static/99038.bc3a4ccc.js
/user/courses?keyword=,user,1,1,raw/ilearn.thu.edu.tw/static/42585.3fa356ed.js
/user/index?version=v0,user,1,1,raw/ilearn.thu.edu.tw/static/99038.bc3a4ccc.js
/user/lesson/schedule/_list.html,user,1,1,raw/ilearn.thu.edu.tw/static/32419.cdd214b3.js
/user/lesson/schedule/_list_with_detail.html,user,1,1,raw/ilearn.thu.edu.tw/static/32419.cdd214b3.js
/user/note/sort-out/_export_note.html,user,1,1,raw/ilearn.thu.edu.tw/static/20215.c33a19b6.js
/user/note/sort-out/_sort_out_note.html,user,1,1,raw/ilearn.thu.edu.tw/static/20215.c33a19b6.js
/user/notes,user,1,1,raw/ilearn.thu.edu.tw/static/99038.bc3a4ccc.js
/user/profile,user,1,1,raw/ilearn.thu.edu.tw/static/99038.bc3a4ccc.js
/user/project?keyword=,user,1,1,raw/ilearn.thu.edu.tw/static/42585.3fa356ed.js
/user/public-studio/_public_studio_list.html,user,1,1,raw/ilearn.thu.edu.tw/static/32767.abfcc0ce.js
/user/record-preview/,user,1,1,raw/ilearn.thu.edu.tw/static/2469.2015e9b3.js
/user/resource-groups,user,1,1,raw/ilearn.thu.edu.tw/static/99038.bc3a4ccc.js
/user/resource-groups/resource/,user,1,1,raw/ilearn.thu.edu.tw/static/63756-b6ed5817.js
/user/resources/collection,user,1,1,raw/ilearn.thu.edu.tw/static/99038.bc3a4ccc.js
/user/resources/files#/?fileTypeName=document,user,1,1,raw/ilearn.thu.edu.tw/static/4495.92a6bcab.js
/user/resources/rubrics,user,1,1,raw/ilearn.thu.edu.tw/static/99038.bc3a4ccc.js
/user/resources/share-to-courses?upload_ids=,user,1,1,raw/ilearn.thu.edu.tw/static/34908-683cb506.js
/user/resources/share-to-courses?upload_ids={expr},user,1,1,raw/ilearn.thu.edu.tw/user/resources/files.html
/user/resources/shared,user,1,1,raw/ilearn.thu.edu.tw/static/99038.bc3a4ccc.js
/user/resources/slides#/?comeFrom=activity,user,1,1,raw/ilearn.thu.edu.tw/static/56834-67be8618.js
/user/resources/slides#/{expr}/edit,user,1,1,raw/ilearn.thu.edu.tw/user/resources/slides.html
/user/resources/subject-libs#/personal-subject/,user,1,1,raw/ilearn.thu.edu.tw/static/50559.79503daf.js
/user/resources/track-user,user,1,1,raw/ilearn.thu.edu.tw/static/99038.bc3a4ccc.js
/user/resources/{expr}/video-editor?editor-type=CLIP_EDITOR,user,1,1,raw/ilearn.thu.edu.tw/user/resources/files.html
/user/settings?bindMobile,user,1,1,raw/ilearn.thu.edu.tw/static/72914-965f4ad4.js
/user/slides/{expr},user,1,1,raw/ilearn.thu.edu.tw/user/resources/slides.html
/user/studios,user,1,1,raw/ilearn.thu.edu.tw/static/72914-965f4ad4.js
/user/supervision-reports,user,1,1,raw/ilearn.thu.edu.tw/static/99038.bc3a4ccc.js
/user/user-center/account.html,user,1,1,raw/ilearn.thu.edu.tw/static/4396.fcd26037.js
/user/user-center/address.html,user,1,1,raw/ilearn.thu.edu.tw/static/4396.fcd26037.js
/user/user-center/profile.html,user,1,1,raw/ilearn.thu.edu.tw/static/4396.fcd26037.js
/users/add?keyword=,users,1,1,raw/ilearn.thu.edu.tw/static/34671.c9d36f7b.js
/users/edit?userIds=,users,1,1,raw/ilearn.thu.edu.tw/static/34671.c9d36f7b.js
/users/user-visits/visits?jwt=,users,1,1,raw/ilearn.thu.edu.tw/static/10257.5f75a4b2.js
