technology,hits,file_count,files_sample,evidence
AngularJS,5912,385,raw/ilearn.thu.edu.tw/course-advance-setting.html; raw/ilearn.thu.edu.tw/course-audits.html; raw/ilearn.thu.edu.tw/course-catalog-wrapper.html; raw/ilearn.thu.edu.tw/course-classifications.html; raw/ilearn.thu.edu.tw/course-completeness__q_ee1eaef797.html; raw/ilearn.thu.edu.tw/course-cover.html; raw/ilearn.thu.edu.tw/course-credit-setting.html; raw/ilearn.thu.edu.tw/course-estimate-wrapper.html; raw/ilearn.thu.edu.tw/course-estimates-replies/index.html; raw/ilearn.thu.edu.tw/course-estimates/avatarSmallUrl.html; raw/ilearn.thu.edu.tw/course-estimates/index.html; raw/ilearn.thu.edu.tw/course-estimates/lesson_resource_url.html,"[{""source_path"": ""raw/ilearn.thu.edu.tw/index.html"", ""pattern"": ""ng-app"", ""snippet"": ""at_Sheet.md#best-for-now-legacy-browser-frame-breaking-script-->\n</head>\n<body -ng-app=\""portal\"" auto-scroll-to-last-position ng-class=\""'THU'\"" on-modal-state-change ng""}, {""source_path"": ""raw/ilearn.thu.edu.tw/index.html"", ""pattern"": ""ng-controller"", ""snippet"": ""=\""[REDACTED_NAME]\""></root-scope-variable>\n<div class=\""header header-autocollapse wg-header\"" ng-controller=\""HeaderCtrl\""\n     ng-init=\""orgName='iLearn 教學平台'; orgLogoUrl='https://ilearn.th""}, {""source_path"": ""raw/ilearn.thu.edu.tw/index/index.html"", ""pattern"": ""ng-app"", ""snippet"": ""at_Sheet.md#best-for-now-legacy-browser-frame-breaking-script-->\n</head>\n<body -ng-app=\""portal\"" auto-scroll-to-last-position ng-class=\""'THU'\"" on-modal-state-change ng""}, {""source_path"": ""raw/ilearn.thu.edu.tw/index/index.html"", ""pattern"": ""ng-controller"", ""snippet"": ""=\""[REDACTED_NAME]\""></root-scope-variable>\n<div class=\""header header-autocollapse wg-header\"" ng-controller=\""HeaderCtrl\""\n     ng-init=\""orgName='iLearn 教學平台'; orgLogoUrl='https://ilearn.th""}, {""source_path"": ""raw/ilearn.thu.edu.tw/course.html"", ""pattern"": ""ng-app"", ""snippet"": ""ink rel=\""dns-prefetch\"" href=\""https://www.google-analytics.com\"">\n\n</head>\n<body -ng-app=\""common\"" ng-strict-di on-modal-state-change ng-init=\""isInstructorView = false;\n""}, {""source_path"": ""raw/ilearn.thu.edu.tw/course.html"", ""pattern"": ""ng-controller"", ""snippet"": ""essages=\""modal.messages\"" :modal=\""!modal.index\""></vue-alert-messages>\n</div><div ng-controller=\""HeaderWarningController\""\n     ng-init=\""warningVersionExpire='請重新整理瀏覽器。'\"">\n    ""}, {""source_path"": ""raw/ilearn.thu.edu.tw/course-advance-setting.html"", ""pattern"": ""ng-app"", ""snippet"": ""ink rel=\""dns-prefetch\"" href=\""https://www.google-analytics.com\"">\n\n</head>\n<body -ng-app=\""common\"" ng-strict-di on-modal-state-change ng-init=\""isInstructorView = false;\n""}, {""source_path"": ""raw/ilearn.thu.edu.tw/course-advance-setting.html"", ""pattern"": ""ng-controller"", ""snippet"": ""essages=\""modal.messages\"" :modal=\""!modal.index\""></vue-alert-messages>\n</div><div ng-controller=\""HeaderWarningController\""\n     ng-init=\""warningVersionExpire='請重新整理瀏覽器。'\"">\n    ""}]"
Vue,7681,409,raw/ilearn.thu.edu.tw/chatbot/chatbot.umd.js; raw/ilearn.thu.edu.tw/course-advance-setting.html; raw/ilearn.thu.edu.tw/course-audits.html; raw/ilearn.thu.edu.tw/course-catalog-wrapper.html; raw/ilearn.thu.edu.tw/course-classifications.html; raw/ilearn.thu.edu.tw/course-completeness__q_ee1eaef797.html; raw/ilearn.thu.edu.tw/course-cover.html; raw/ilearn.thu.edu.tw/course-credit-setting.html; raw/ilearn.thu.edu.tw/course-estimate-wrapper.html; raw/ilearn.thu.edu.tw/course-estimates-replies/index.html; raw/ilearn.thu.edu.tw/course-estimates/avatarSmallUrl.html; raw/ilearn.thu.edu.tw/course-estimates/index.html,"[{""source_path"": ""raw/ilearn.thu.edu.tw/chatbot/chatbot.umd.js"", ""pattern"": ""\\bVue\\b"", ""snippet"": ""igin-Cy7tRv53.png\"":\""/chatbot/assets/airchat-favicon-origin-Cy7tRv53.png\"";/**\n* @vue/shared v3.5.13\n* (c) 2018-present Yuxi (Evan) You and Vue contributors\n* @licen""}, {""source_path"": ""raw/ilearn.thu.edu.tw/chatbot/chatbot.umd.js"", ""pattern"": ""createApp\\("", ""snippet"": ""n rx||(rx=jz(JO))}const bs=(...e)=>{sx().render(...e)},dB=(...e)=>{const t=sx().createApp(...e),{mount:n}=t;return t.mount=A=>{const a=XO(A);if(!a)return;const i=t._compo""}, {""source_path"": ""raw/ilearn.thu.edu.tw/chatbot/chatbot.umd.js"", ""pattern"": ""__VUE"", ""snippet"": ""=i,p===!0?p=\""svg\"":p===!1&&(p=void 0),u&&t?t(d,l):e(d,l,p),s=!0,c._container=l,l.__vue_app__=c,a0(d.component)}},onUnmount(l){r.push(l)},unmount(){s&&(ao(r,c._instanc""}, {""source_path"": ""raw/ilearn.thu.edu.tw/course.html"", ""pattern"": ""\\bVue\\b"", ""snippet"": ""問題。請升級瀏覽器或使用其他瀏覽器訪問\n    </span>\n</div>\n<![endif]--><div id=\""announcement\"">\n    <vue-announcement v-for=\""i in announcements\"" :announcement=\""i\"" :key=\""i.id\""></vue-ann""}, {""source_path"": ""raw/ilearn.thu.edu.tw/course-advance-setting.html"", ""pattern"": ""\\bVue\\b"", ""snippet"": ""問題。請升級瀏覽器或使用其他瀏覽器訪問\n    </span>\n</div>\n<![endif]--><div id=\""announcement\"">\n    <vue-announcement v-for=\""i in announcements\"" :announcement=\""i\"" :key=\""i.id\""></vue-ann""}, {""source_path"": ""raw/ilearn.thu.edu.tw/course-audits.html"", ""pattern"": ""\\bVue\\b"", ""snippet"": ""問題。請升級瀏覽器或使用其他瀏覽器訪問\n    </span>\n</div>\n<![endif]--><div id=\""announcement\"">\n    <vue-announcement v-for=\""i in announcements\"" :announcement=\""i\"" :key=\""i.id\""></vue-ann""}, {""source_path"": ""raw/ilearn.thu.edu.tw/course-catalog-wrapper.html"", ""pattern"": ""\\bVue\\b"", ""snippet"": ""問題。請升級瀏覽器或使用其他瀏覽器訪問\n    </span>\n</div>\n<![endif]--><div id=\""announcement\"">\n    <vue-announcement v-for=\""i in announcements\"" :announcement=\""i\"" :key=\""i.id\""></vue-ann""}, {""source_path"": ""raw/ilearn.thu.edu.tw/course-classifications.html"", ""pattern"": ""\\bVue\\b"", ""snippet"": ""問題。請升級瀏覽器或使用其他瀏覽器訪問\n    </span>\n</div>\n<![endif]--><div id=\""announcement\"">\n    <vue-announcement v-for=\""i in announcements\"" :announcement=\""i\"" :key=\""i.id\""></vue-ann""}]"
React,3823,682,raw/ilearn.thu.edu.tw/chatbot/chatbot.umd.js; raw/ilearn.thu.edu.tw/static/10035.853f7abc.js; raw/ilearn.thu.edu.tw/static/10067.39ff48db.js; raw/ilearn.thu.edu.tw/static/10188.0cd009aa.js; raw/ilearn.thu.edu.tw/static/10242.1acb04a8.js; raw/ilearn.thu.edu.tw/static/10246-494b2baa.js; raw/ilearn.thu.edu.tw/static/10248.e193e757.js; raw/ilearn.thu.edu.tw/static/10309.2e240c82.js; raw/ilearn.thu.edu.tw/static/10310.1168e67d.js; raw/ilearn.thu.edu.tw/static/10380.988cf572.js; raw/ilearn.thu.edu.tw/static/10383.d04ce83a.js; raw/ilearn.thu.edu.tw/static/10409.3c0dcb73.js,"[{""source_path"": ""raw/ilearn.thu.edu.tw/chatbot/chatbot.umd.js"", ""pattern"": ""createElement"", ""snippet"": ""(function(){\""use strict\"";try{if(typeof document!=\""undefined\""){var r=document.createElement(\""style\"");r.appendChild(document.createTextNode('@charset \""UTF-8\"";.svg-icon[data""}, {""source_path"": ""raw/ilearn.thu.edu.tw/static/10035.853f7abc.js"", ""pattern"": ""createElement"", ""snippet"": ""function(e,t){return{}}});const s=(0,n(514486).A)(o,(function(){var e=this,t=e.$createElement,n=e._self._c||t;return n(\""div\"",{staticClass:\""blueprint-teaching-team-content\""},""}, {""source_path"": ""raw/ilearn.thu.edu.tw/static/10067.39ff48db.js"", ""pattern"": ""__REACT"", ""snippet"": ""is,r=\""function\""==typeof e?e.call(this):e;for(var a in(r=Object.create(r||null)).__reactiveInject__=this.__reactiveInject__||{},t.managed)r[t.managed[a]]=this[a];var o=""}, {""source_path"": ""raw/ilearn.thu.edu.tw/static/10188.0cd009aa.js"", ""pattern"": ""createElement"", ""snippet"": ""0;return!1}let i;function a(t){if(n)return 0;if(t||void 0===i){const t=document.createElement(\""div\"");t.style.width=\""100%\"",t.style.height=\""200px\"";const e=document.createEleme""}, {""source_path"": ""raw/ilearn.thu.edu.tw/static/10188.0cd009aa.js"", ""pattern"": ""__REACT"", ""snippet"": ""is,n=\""function\""==typeof t?t.call(this):t;for(var o in(n=Object.create(n||null)).__reactiveInject__=this.__reactiveInject__||{},e.managed)n[e.managed[o]]=this[o];var i=""}, {""source_path"": ""raw/ilearn.thu.edu.tw/static/10242.1acb04a8.js"", ""pattern"": ""createElement"", ""snippet"": ""e(e,t)},graphic:n.Ay.graphic};const f=(0,r(514486).A)(h,(function(){var e=this.$createElement;return(this._self._c||e)(\""div\"",{staticClass:\""echarts\""})}),[],!1,null,null,null)""}, {""source_path"": ""raw/ilearn.thu.edu.tw/static/10246-494b2baa.js"", ""pattern"": ""createElement"", ""snippet"": "" document,kt=m,Rt=p||f?\""cssFloat\"":\""float\"",Xt=Pt&&!b&&!m&&\""draggable\""in document.createElement(\""div\""),Yt=function(){if(Pt){if(f)return!1;var t=document.createElement(\""x\"");ret""}, {""source_path"": ""raw/ilearn.thu.edu.tw/static/10248.e193e757.js"", ""pattern"": ""createElement"", ""snippet"": ""))}))})),{iframeSrc:g}}});const f=(0,t(514486).A)(d,(function(){var e=this,n=e.$createElement,t=e._self._c||n;return t(\""div\"",[t(\""div\"",{staticClass:\""header\""},[e._v(e._s(e.$t(""}]"
Webpack,2084,877,raw/ilearn.thu.edu.tw/static/10035.853f7abc.js; raw/ilearn.thu.edu.tw/static/10067.39ff48db.js; raw/ilearn.thu.edu.tw/static/10188.0cd009aa.js; raw/ilearn.thu.edu.tw/static/10242.1acb04a8.js; raw/ilearn.thu.edu.tw/static/10246-494b2baa.js; raw/ilearn.thu.edu.tw/static/10248.e193e757.js; raw/ilearn.thu.edu.tw/static/10257.5f75a4b2.js; raw/ilearn.thu.edu.tw/static/10309.2e240c82.js; raw/ilearn.thu.edu.tw/static/10310.1168e67d.js; raw/ilearn.thu.edu.tw/static/10380.988cf572.js; raw/ilearn.thu.edu.tw/static/10383.d04ce83a.js; raw/ilearn.thu.edu.tw/static/10409.3c0dcb73.js,"[{""source_path"": ""raw/ilearn.thu.edu.tw/static/10035.853f7abc.js"", ""pattern"": ""webpackChunk"", ""snippet"": ""(self.webpackChunklms=self.webpackChunklms||[]).push([[10035],{205057:(e,t,n)=>{n.d(t,{$J:()=>s,GB""}, {""source_path"": ""raw/ilearn.thu.edu.tw/static/10067.39ff48db.js"", ""pattern"": ""webpackChunk"", ""snippet"": ""(self.webpackChunklms=self.webpackChunklms||[]).push([[7145,10067,17621,40002,62383,84764],{7950:f""}, {""source_path"": ""raw/ilearn.thu.edu.tw/static/10188.0cd009aa.js"", ""pattern"": ""webpackChunk"", ""snippet"": ""(self.webpackChunklms=self.webpackChunklms||[]).push([[5587,7145,7623,9733,10067,10188,17621,31937""}, {""source_path"": ""raw/ilearn.thu.edu.tw/static/10242.1acb04a8.js"", ""pattern"": ""webpackChunk"", ""snippet"": ""(self.webpackChunklms=self.webpackChunklms||[]).push([[10242],{331635:(e,t,r)=>{r.r(t),r.d(t,{__ad""}, {""source_path"": ""raw/ilearn.thu.edu.tw/static/10246-494b2baa.js"", ""pattern"": ""webpackChunk"", ""snippet"": ""(self.webpackChunklms=self.webpackChunklms||[]).push([[10246],{310246:(t,e,n)=>{n.r(e),n.d(e,{Mult""}, {""source_path"": ""raw/ilearn.thu.edu.tw/static/10248.e193e757.js"", ""pattern"": ""webpackChunk"", ""snippet"": ""(self.webpackChunklms=self.webpackChunklms||[]).push([[10248],{210248:(e,n,t)=>{t.r(n),t.d(n,{defa""}, {""source_path"": ""raw/ilearn.thu.edu.tw/static/10257.5f75a4b2.js"", ""pattern"": ""webpackChunk"", ""snippet"": ""(self.webpackChunklms=self.webpackChunklms||[]).push([[10257],{410257:(t,e,o)=>{o.d(e,{$N:()=>_,CY""}, {""source_path"": ""raw/ilearn.thu.edu.tw/static/10309.2e240c82.js"", ""pattern"": ""webpackChunk"", ""snippet"": ""(self.webpackChunklms=self.webpackChunklms||[]).push([[10309],{209251:a=>{a.exports={props:[\""lang\""""}]"
Sentry,1647,196,raw/ilearn.thu.edu.tw/chatbot/chatbot.umd.js; raw/ilearn.thu.edu.tw/course-advance-setting.html; raw/ilearn.thu.edu.tw/course-audits.html; raw/ilearn.thu.edu.tw/course-catalog-wrapper.html; raw/ilearn.thu.edu.tw/course-classifications.html; raw/ilearn.thu.edu.tw/course-completeness__q_ee1eaef797.html; raw/ilearn.thu.edu.tw/course-cover.html; raw/ilearn.thu.edu.tw/course-credit-setting.html; raw/ilearn.thu.edu.tw/course-estimate-wrapper.html; raw/ilearn.thu.edu.tw/course-estimates-replies/index.html; raw/ilearn.thu.edu.tw/course-estimates/avatarSmallUrl.html; raw/ilearn.thu.edu.tw/course-estimates/index.html,"[{""source_path"": ""raw/ilearn.thu.edu.tw/index.html"", ""pattern"": ""Sentry"", ""snippet"": ""tfix-v1-78-eefefe8e\"" host=\""https://ilearn.thu.edu.tw/\"">\n<head>\n<script>\n    let sentryClientKey = \""\"";\n    let CONFIGS = {};\n    let MULTIMEDIA = {};\n    if (!window?.""}, {""source_path"": ""raw/ilearn.thu.edu.tw/index.html"", ""pattern"": ""sentryClientKey"", ""snippet"": ""tfix-v1-78-eefefe8e\"" host=\""https://ilearn.thu.edu.tw/\"">\n<head>\n<script>\n    let sentryClientKey = \""\"";\n    let CONFIGS = {};\n    let MULTIMEDIA = {};\n    if (!window?.isConfigL""}, {""source_path"": ""raw/ilearn.thu.edu.tw/index/index.html"", ""pattern"": ""Sentry"", ""snippet"": ""tfix-v1-78-eefefe8e\"" host=\""https://ilearn.thu.edu.tw/\"">\n<head>\n<script>\n    let sentryClientKey = \""\"";\n    let CONFIGS = {};\n    let MULTIMEDIA = {};\n    if (!window?.""}, {""source_path"": ""raw/ilearn.thu.edu.tw/index/index.html"", ""pattern"": ""sentryClientKey"", ""snippet"": ""tfix-v1-78-eefefe8e\"" host=\""https://ilearn.thu.edu.tw/\"">\n<head>\n<script>\n    let sentryClientKey = \""\"";\n    let CONFIGS = {};\n    let MULTIMEDIA = {};\n    if (!window?.isConfigL""}, {""source_path"": ""raw/ilearn.thu.edu.tw/chatbot/chatbot.umd.js"", ""pattern"": ""Sentry"", ""snippet"": ""&qme(a,o=>{o.forEach(r=>{A(r,`${i}${a.name}/`)})})};e.forEach(a=>{A(a.webkitGetAsEntry())})},x7=()=>({capture:[Boolean,String],multipart:{type:Boolean,default:void 0}""}, {""source_path"": ""raw/ilearn.thu.edu.tw/course.html"", ""pattern"": ""Sentry"", ""snippet"": ""\"" host=\""https://ilearn.thu.edu.tw/\"" delivery-org=\""THU\"">\n<head>\n<script>\n    let sentryClientKey = \""\"";\n    let CONFIGS = {};\n    let MULTIMEDIA = {};\n    if (!window?.""}, {""source_path"": ""raw/ilearn.thu.edu.tw/course.html"", ""pattern"": ""sentryClientKey"", ""snippet"": ""\"" host=\""https://ilearn.thu.edu.tw/\"" delivery-org=\""THU\"">\n<head>\n<script>\n    let sentryClientKey = \""\"";\n    let CONFIGS = {};\n    let MULTIMEDIA = {};\n    if (!window?.isConfigL""}, {""source_path"": ""raw/ilearn.thu.edu.tw/course-advance-setting.html"", ""pattern"": ""Sentry"", ""snippet"": ""\"" host=\""https://ilearn.thu.edu.tw/\"" delivery-org=\""THU\"">\n<head>\n<script>\n    let sentryClientKey = \""\"";\n    let CONFIGS = {};\n    let MULTIMEDIA = {};\n    if (!window?.""}]"
Google Analytics/Tag Manager,397,193,raw/ilearn.thu.edu.tw/course-advance-setting.html; raw/ilearn.thu.edu.tw/course-audits.html; raw/ilearn.thu.edu.tw/course-catalog-wrapper.html; raw/ilearn.thu.edu.tw/course-classifications.html; raw/ilearn.thu.edu.tw/course-completeness__q_ee1eaef797.html; raw/ilearn.thu.edu.tw/course-cover.html; raw/ilearn.thu.edu.tw/course-credit-setting.html; raw/ilearn.thu.edu.tw/course-estimate-wrapper.html; raw/ilearn.thu.edu.tw/course-estimates-replies/index.html; raw/ilearn.thu.edu.tw/course-estimates/avatarSmallUrl.html; raw/ilearn.thu.edu.tw/course-estimates/index.html; raw/ilearn.thu.edu.tw/course-estimates/lesson_resource_url.html,"[{""source_path"": ""raw/ilearn.thu.edu.tw/index.html"", ""pattern"": ""googletagmanager"", ""snippet"": "" site tag (gtag.js) - Google Analytics 4 -->\n    <script async src=\""https://www.googletagmanager.com/gtag/js\""></script>\n<!--https://github.com/OWASP/CheatSheetSeries/blob/maste""}, {""source_path"": ""raw/ilearn.thu.edu.tw/index.html"", ""pattern"": ""Google Analytics"", ""snippet"": ""c/assets/images/2fbd245df00af22ed3a1.ico\"">\n    <!-- Global site tag (gtag.js) - Google Analytics 4 -->\n    <script async src=\""https://www.googletagmanager.com/gtag/js\""></script""}, {""source_path"": ""raw/ilearn.thu.edu.tw/index/index.html"", ""pattern"": ""googletagmanager"", ""snippet"": "" site tag (gtag.js) - Google Analytics 4 -->\n    <script async src=\""https://www.googletagmanager.com/gtag/js\""></script>\n<!--https://github.com/OWASP/CheatSheetSeries/blob/maste""}, {""source_path"": ""raw/ilearn.thu.edu.tw/index/index.html"", ""pattern"": ""Google Analytics"", ""snippet"": ""c/assets/images/2fbd245df00af22ed3a1.ico\"">\n    <!-- Global site tag (gtag.js) - Google Analytics 4 -->\n    <script async src=\""https://www.googletagmanager.com/gtag/js\""></script""}, {""source_path"": ""raw/ilearn.thu.edu.tw/course.html"", ""pattern"": ""googletagmanager"", ""snippet"": "" site tag (gtag.js) - Google Analytics 4 -->\n    <script async src=\""https://www.googletagmanager.com/gtag/js\""></script>\n<!--https://github.com/OWASP/CheatSheetSeries/blob/maste""}, {""source_path"": ""raw/ilearn.thu.edu.tw/course.html"", ""pattern"": ""Google Analytics"", ""snippet"": ""c/assets/images/2fbd245df00af22ed3a1.ico\"">\n    <!-- Global site tag (gtag.js) - Google Analytics 4 -->\n    <script async src=\""https://www.googletagmanager.com/gtag/js\""></script""}, {""source_path"": ""raw/ilearn.thu.edu.tw/course-advance-setting.html"", ""pattern"": ""googletagmanager"", ""snippet"": "" site tag (gtag.js) - Google Analytics 4 -->\n    <script async src=\""https://www.googletagmanager.com/gtag/js\""></script>\n<!--https://github.com/OWASP/CheatSheetSeries/blob/maste""}, {""source_path"": ""raw/ilearn.thu.edu.tw/course-advance-setting.html"", ""pattern"": ""Google Analytics"", ""snippet"": ""c/assets/images/2fbd245df00af22ed3a1.ico\"">\n    <!-- Global site tag (gtag.js) - Google Analytics 4 -->\n    <script async src=\""https://www.googletagmanager.com/gtag/js\""></script""}]"
MathJax,12375,196,raw/ilearn.thu.edu.tw/course-advance-setting.html; raw/ilearn.thu.edu.tw/course-audits.html; raw/ilearn.thu.edu.tw/course-catalog-wrapper.html; raw/ilearn.thu.edu.tw/course-classifications.html; raw/ilearn.thu.edu.tw/course-completeness__q_ee1eaef797.html; raw/ilearn.thu.edu.tw/course-cover.html; raw/ilearn.thu.edu.tw/course-credit-setting.html; raw/ilearn.thu.edu.tw/course-estimate-wrapper.html; raw/ilearn.thu.edu.tw/course-estimates-replies/index.html; raw/ilearn.thu.edu.tw/course-estimates/avatarSmallUrl.html; raw/ilearn.thu.edu.tw/course-estimates/index.html; raw/ilearn.thu.edu.tw/course-estimates/lesson_resource_url.html,"[{""source_path"": ""raw/ilearn.thu.edu.tw/course.html"", ""pattern"": ""MathJax"", ""snippet"": "" weekDayIso={1: '一',2: '二',3: '三',4: '四',5: '五',6: '六', 7: '日'};\""\n      class=' mathjax-ignore'>\n\n<div class=\""__pageLoading\"">\n    <span class=\""__loader\""></span>\n</div>""}, {""source_path"": ""raw/ilearn.thu.edu.tw/course-advance-setting.html"", ""pattern"": ""MathJax"", ""snippet"": "" weekDayIso={1: '一',2: '二',3: '三',4: '四',5: '五',6: '六', 7: '日'};\""\n      class=' mathjax-ignore'>\n\n<div class=\""__pageLoading\"">\n    <span class=\""__loader\""></span>\n</div>""}, {""source_path"": ""raw/ilearn.thu.edu.tw/course-audits.html"", ""pattern"": ""MathJax"", ""snippet"": "" weekDayIso={1: '一',2: '二',3: '三',4: '四',5: '五',6: '六', 7: '日'};\""\n      class=' mathjax-ignore'>\n\n<div class=\""__pageLoading\"">\n    <span class=\""__loader\""></span>\n</div>""}, {""source_path"": ""raw/ilearn.thu.edu.tw/course-catalog-wrapper.html"", ""pattern"": ""MathJax"", ""snippet"": "" weekDayIso={1: '一',2: '二',3: '三',4: '四',5: '五',6: '六', 7: '日'};\""\n      class=' mathjax-ignore'>\n\n<div class=\""__pageLoading\"">\n    <span class=\""__loader\""></span>\n</div>""}, {""source_path"": ""raw/ilearn.thu.edu.tw/course-classifications.html"", ""pattern"": ""MathJax"", ""snippet"": "" weekDayIso={1: '一',2: '二',3: '三',4: '四',5: '五',6: '六', 7: '日'};\""\n      class=' mathjax-ignore'>\n\n<div class=\""__pageLoading\"">\n    <span class=\""__loader\""></span>\n</div>""}, {""source_path"": ""raw/ilearn.thu.edu.tw/course-completeness__q_ee1eaef797.html"", ""pattern"": ""MathJax"", ""snippet"": "" weekDayIso={1: '一',2: '二',3: '三',4: '四',5: '五',6: '六', 7: '日'};\""\n      class=' mathjax-ignore'>\n\n<div class=\""__pageLoading\"">\n    <span class=\""__loader\""></span>\n</div>""}, {""source_path"": ""raw/ilearn.thu.edu.tw/course-cover.html"", ""pattern"": ""MathJax"", ""snippet"": "" weekDayIso={1: '一',2: '二',3: '三',4: '四',5: '五',6: '六', 7: '日'};\""\n      class=' mathjax-ignore'>\n\n<div class=\""__pageLoading\"">\n    <span class=\""__loader\""></span>\n</div>""}, {""source_path"": ""raw/ilearn.thu.edu.tw/course-credit-setting.html"", ""pattern"": ""MathJax"", ""snippet"": "" weekDayIso={1: '一',2: '二',3: '三',4: '四',5: '五',6: '六', 7: '日'};\""\n      class=' mathjax-ignore'>\n\n<div class=\""__pageLoading\"">\n    <span class=\""__loader\""></span>\n</div>""}]"
Ace Editor,300,5,raw/ilearn.thu.edu.tw/chatbot/chatbot.umd.js; raw/ilearn.thu.edu.tw/static/14572-b07cd6d5.js; raw/ilearn.thu.edu.tw/static/56834-67be8618.js; raw/ilearn.thu.edu.tw/static/72914-965f4ad4.js; raw/ilearn.thu.edu.tw/static/79278-2435c454.js,"[{""source_path"": ""raw/ilearn.thu.edu.tw/chatbot/chatbot.umd.js"", ""pattern"": ""ace/"", ""snippet"": ""ADL1wAA+9cAABAAAAAe+wAAHvsAAAQAAAAA/gAAD/4AAAQAAAAg/gAAL/4AAAQAAAD//gAA//4AAAMAAACe/wAAn/8AAAQAAADw/wAA+/8AAAMAAAD9AQEA/QEBAAQAAADgAgEA4AIBAAQAAAB2AwEAegMBAAQAAAABC""}, {""source_path"": ""raw/ilearn.thu.edu.tw/static/14572-b07cd6d5.js"", ""pattern"": ""ace/"", ""snippet"": ""(n.original=s.require,s.require=n,s.require.packaged=!0)}(\""ace\"")}(),ace.define(\""ace/lib/fixoldbrowsers\"",[\""require\"",\""exports\"",\""module\""],(function(e,t,i){\""undefined\""!""}, {""source_path"": ""raw/ilearn.thu.edu.tw/static/14572-b07cd6d5.js"", ""pattern"": ""ace\\.edit"", ""snippet"": ""\""string\""==typeof e){var n=e;if(!(e=document.getElementById(n)))throw new Error(\""ace.edit can't find div #\""+n)}if(e&&e.env&&e.env.editor instanceof a)return e.env.editor""}, {""source_path"": ""raw/ilearn.thu.edu.tw/static/56834-67be8618.js"", ""pattern"": ""ace/"", ""snippet"": ""=0||(e.editor=ace.edit(e.uuid,{maxLines:25,wrap:!0,highlightActiveLine:!1,mode:\""ace/mode/\"".concat(e.lang.replace(\""lang-\"",\""\"")),useWorker:!1}),e.editor.setReadOnly(!0""}, {""source_path"": ""raw/ilearn.thu.edu.tw/static/56834-67be8618.js"", ""pattern"": ""ace\\.edit"", ""snippet"": ""))].join(\""_\""),setTimeout((function(){$(\""#\"".concat(e.uuid)).length<=0||(e.editor=ace.edit(e.uuid,{maxLines:25,wrap:!0,highlightActiveLine:!1,mode:\""ace/mode/\"".concat(e.la""}, {""source_path"": ""raw/ilearn.thu.edu.tw/static/72914-965f4ad4.js"", ""pattern"": ""ace/"", ""snippet"": ""ndation(\""reveal\"",\""close\"")}))},t.changeMode=function(){t.editor.session.setMode(\""ace/mode/\"".concat(t.mode))},t.editor=n.edit(\""editor\""),t.modes=[\""javascript\"",\""python\""""}, {""source_path"": ""raw/ilearn.thu.edu.tw/static/79278-2435c454.js"", ""pattern"": ""ace/"", ""snippet"": ""0T4I/wDJWNI/3Zv/AEU1ed16H8Ef+SsaR/uzf+imoA+vKKKKAPnj9pX/AJCfh3/rjP8AzSvCDXu/7Sv/ACE/Dv8A1xn/AJpXhBoAKO9FHegDvfgx/wAlY0P/AHpf/RT19g18ffBj/krGif70v/op6+waACiiigAoorlv""}]"
Monaco/Code Editor,14,7,raw/ilearn.thu.edu.tw/static/14572-b07cd6d5.js; raw/ilearn.thu.edu.tw/static/24549.cf667c52.js; raw/ilearn.thu.edu.tw/static/61409-cf835457.js; raw/ilearn.thu.edu.tw/static/78435-bff624c3.js; raw/ilearn.thu.edu.tw/static/78796-73d55209.css; raw/ilearn.thu.edu.tw/static/styles-base-b3360956.css; raw/ilearn.thu.edu.tw/static/styles-lms-main-053bba23.css,"[{""source_path"": ""raw/ilearn.thu.edu.tw/static/14572-b07cd6d5.js"", ""pattern"": ""monaco"", ""snippet"": "".ace_editor {position: relative;overflow: hidden;padding: 0;font: 12px/normal \\'Monaco\\', \\'Menlo\\', \\'Ubuntu Mono\\', \\'Consolas\\', \\'source-code-pro\\', monospace;dir""}, {""source_path"": ""raw/ilearn.thu.edu.tw/static/24549.cf667c52.js"", ""pattern"": ""monaco"", ""snippet"": ""\"",\""Michelini\"",\""Michelozzi\"",\""Migliori\"",\""Migliorini\"",\""Milani\"",\""Miniati\"",\""Misuri\"",\""Monaco\"",\""Montagnani\"",\""Montagni\"",\""Montanari\"",\""Montelatici\"",\""Monti\"",\""Montigiani\"",\""Montin""}, {""source_path"": ""raw/ilearn.thu.edu.tw/static/61409-cf835457.js"", ""pattern"": ""monaco"", ""snippet"": ""pe/London|GB\"",\""Europe/London|GB-Eire\"",\""Europe/Moscow|W-SU\"",\""Europe/Paris|Europe/Monaco\"",\""Europe/Prague|Europe/Bratislava\"",\""Europe/Rome|Europe/San_Marino\"",\""Europe/Rome""}, {""source_path"": ""raw/ilearn.thu.edu.tw/static/78435-bff624c3.js"", ""pattern"": ""monaco"", ""snippet"": ""nada)\"",\""fr-FR\"":\""French (France)\"",\""fr-LU\"":\""French (Luxembourg)\"",\""fr-MC\"":\""French (Monaco)\"",\""fr-CH\"":\""French (Switzerland)\"",fy:\""Frisian\"",fur:\""Friulian\"",gd:\""Gaelic (Scots)""}, {""source_path"": ""raw/ilearn.thu.edu.tw/static/78796-73d55209.css"", ""pattern"": ""monaco"", ""snippet"": "":0 4px}.simditor-viewer code,.simditor-viewer pre{border-radius:3px;font-family:monaco,Consolas,Liberation Mono,Courier,monospace;font-size:13px}.simditor-viewer pre{""}, {""source_path"": ""raw/ilearn.thu.edu.tw/static/styles-base-b3360956.css"", ""pattern"": ""monaco"", ""snippet"": ""ransparent;border:none;box-sizing:border-box;display:none!important;font-family:monaco;line-height:1.6;min-height:300px;outline:none;padding:22px 15px 40px;resize:non""}, {""source_path"": ""raw/ilearn.thu.edu.tw/static/styles-lms-main-053bba23.css"", ""pattern"": ""monaco"", ""snippet"": "":0 4px}.simditor-viewer code,.simditor-viewer pre{border-radius:3px;font-family:monaco,Consolas,Liberation Mono,Courier,monospace;font-size:13px}.simditor-viewer pre{""}]"
CKEditor/TinyMCE,6,2,raw/ilearn.thu.edu.tw/static/94084.256de11c.js; raw/ilearn.thu.edu.tw/static/97620.c8167195.js,"[{""source_path"": ""raw/ilearn.thu.edu.tw/static/94084.256de11c.js"", ""pattern"": ""ckeditor"", ""snippet"": ""eld:c,isEditing:a,onFieldChange:function(e,n,r){t.emit(\""on-change\"",e,n,r)},onClickEditor:function(){a.value||e.generating||(a.value=!0,(0,l.dY)((function(){var e;null==""}, {""source_path"": ""raw/ilearn.thu.edu.tw/static/97620.c8167195.js"", ""pattern"": ""ckeditor"", ""snippet"": ""nt.editor,e=\""\"";return/Generic/.test(t)?e=\""generic\"":/Froala/.test(t)?e=\""froala\"":/CKEditor/.test(t)?e=\""ckeditor\"":/TinyMCE/.test(t)&&(e=\""tinymce\""),\""\"".concat(\""mathtype-web-""}, {""source_path"": ""raw/ilearn.thu.edu.tw/static/97620.c8167195.js"", ""pattern"": ""tinymce"", ""snippet"": ""est(t)?e=\""generic\"":/Froala/.test(t)?e=\""froala\"":/CKEditor/.test(t)?e=\""ckeditor\"":/TinyMCE/.test(t)&&(e=\""tinymce\""),\""\"".concat(\""mathtype-web-plugin-\"").concat(e)}}]),t}(),$=""}]"
Ant Design Vue,2608,9,raw/ilearn.thu.edu.tw/chatbot/chatbot.umd.js; raw/ilearn.thu.edu.tw/static/21137-8ac96197.chunk.css; raw/ilearn.thu.edu.tw/static/24549.cf667c52.js; raw/ilearn.thu.edu.tw/static/53701.67275a68.js; raw/ilearn.thu.edu.tw/static/58354.7f76f53b.js; raw/ilearn.thu.edu.tw/static/70650-b5e8d981.js; raw/ilearn.thu.edu.tw/static/82017-04ae4691.css; raw/ilearn.thu.edu.tw/static/93341-28b62aba.chunk.css; raw/ilearn.thu.edu.tw/static/99560-dad24394.chunk.css,"[{""source_path"": ""raw/ilearn.thu.edu.tw/chatbot/chatbot.umd.js"", ""pattern"": ""ant-design"", ""snippet"": ""efault:void 0},{name:\""VueNode\"",getter:!0,type:null}]);const da=(e,t,n)=>{dV(e,`[ant-design-vue: ${t}] ${n}`)};function GD(e,t){const{key:n}=e;let A;return\""value\""in e&&({v""}, {""source_path"": ""raw/ilearn.thu.edu.tw/chatbot/chatbot.umd.js"", ""pattern"": ""anticon"", ""snippet"": ""-content .remoteSearch[data-v-3bacb10c] .search-content .linkList .search-item .anticon-link{margin:0 .5rem}.response-content .remoteSearch[data-v-3bacb10c] .search-co""}, {""source_path"": ""raw/ilearn.thu.edu.tw/chatbot/chatbot.umd.js"", ""pattern"": ""\\bant-[a-z]"", ""snippet"": ""e}html air-chatbot-app[data-v-be21a769],html #airChatbot[data-v-be21a769],html .ant-message[data-v-be21a769],html .ant-modal-root[data-v-be21a769]{--air-brand-color-""}, {""source_path"": ""raw/ilearn.thu.edu.tw/static/21137-8ac96197.chunk.css"", ""pattern"": ""\\bant-[a-z]"", ""snippet"": ""-modal textarea.ivu-input{height:auto!important}.project-edit-modal .ivu-modal .ant-select-dropdown-menu-item-selected{background-color:var(--primary-brand-color)}.p""}, {""source_path"": ""raw/ilearn.thu.edu.tw/static/24549.cf667c52.js"", ""pattern"": ""ant-design"", ""snippet"": "":void 0},{name:\""VueNode\"",getter:!0,type:null}]);const vR=_R,yR=(e,t,n)=>{qM(e,`[ant-design-vue: ${t}] ${n}`)};function bR(e,t){const{key:n}=e;let i;return\""value\""in e&&({v""}, {""source_path"": ""raw/ilearn.thu.edu.tw/static/24549.cf667c52.js"", ""pattern"": ""anticon"", ""snippet"": ""rn{remove:()=>{e&&e.removeEventListener&&e.removeEventListener(t,n)}}}const tM=\""anticon\"",nM=Symbol(\""GlobalFormContextKey\""),iM=Symbol(\""configProvider\""),aM={getPrefixCls""}, {""source_path"": ""raw/ilearn.thu.edu.tw/static/24549.cf667c52.js"", ""pattern"": ""\\bant-[a-z]"", ""snippet"": ""rn\""\""}return yj(n=qj(e.children,i))?e.return=e.value+\""{\""+n+\""}\"":\""\""}const Wj=\""data-ant-cssinjs-cache-path\"";let Gj,Kj=!0;function Xj(e){return function(){var e;if(!Gj&&(""}, {""source_path"": ""raw/ilearn.thu.edu.tw/static/53701.67275a68.js"", ""pattern"": ""\\bant-[a-z]"", ""snippet"": ""sor:not-allowed}div[id|=wg-video-player] .mvp-uno-chapter[data-v-45e06dac] .mvp-ant-timeline .mvp-ant-timeline-item-content{margin-inline-start:12px}div[id|=wg-video""}]"
Element UI/View UI/iView,5245,272,raw/ilearn.thu.edu.tw/course-advance-setting.html; raw/ilearn.thu.edu.tw/course-audits.html; raw/ilearn.thu.edu.tw/course-catalog-wrapper.html; raw/ilearn.thu.edu.tw/course-classifications.html; raw/ilearn.thu.edu.tw/course-completeness__q_ee1eaef797.html; raw/ilearn.thu.edu.tw/course-cover.html; raw/ilearn.thu.edu.tw/course-credit-setting.html; raw/ilearn.thu.edu.tw/course-estimate-wrapper.html; raw/ilearn.thu.edu.tw/course-estimates-replies/index.html; raw/ilearn.thu.edu.tw/course-estimates/avatarSmallUrl.html; raw/ilearn.thu.edu.tw/course-estimates/index.html; raw/ilearn.thu.edu.tw/course-estimates/lesson_resource_url.html,"[{""source_path"": ""raw/ilearn.thu.edu.tw/index.html"", ""pattern"": ""iview"", ""snippet"": ""f(media!='all')media='all'\""></link>\n<link rel=\""stylesheet\"" href=\""/static/styles-iview-58339d95.css\"" media=\""none\"" onload=\""if(media!='all')media='all'\""></link><script ""}, {""source_path"": ""raw/ilearn.thu.edu.tw/index.html"", ""pattern"": ""iView"", ""snippet"": ""f(media!='all')media='all'\""></link>\n<link rel=\""stylesheet\"" href=\""/static/styles-iview-58339d95.css\"" media=\""none\"" onload=\""if(media!='all')media='all'\""></link><script ""}, {""source_path"": ""raw/ilearn.thu.edu.tw/index/index.html"", ""pattern"": ""iview"", ""snippet"": ""f(media!='all')media='all'\""></link>\n<link rel=\""stylesheet\"" href=\""/static/styles-iview-58339d95.css\"" media=\""none\"" onload=\""if(media!='all')media='all'\""></link><script ""}, {""source_path"": ""raw/ilearn.thu.edu.tw/index/index.html"", ""pattern"": ""iView"", ""snippet"": ""f(media!='all')media='all'\""></link>\n<link rel=\""stylesheet\"" href=\""/static/styles-iview-58339d95.css\"" media=\""none\"" onload=\""if(media!='all')media='all'\""></link><script ""}, {""source_path"": ""raw/ilearn.thu.edu.tw/course.html"", ""pattern"": ""iview"", ""snippet"": ""ref=\""/static/js/lms-main-898f71e6.js\"">\n<link ref=\""preload\"" href=\""/static/styles-iview-58339d95.css\"" as=\""style\"">\n<link ref=\""preload\"" href=\""/static/styles-base-b336095""}, {""source_path"": ""raw/ilearn.thu.edu.tw/course.html"", ""pattern"": ""iView"", ""snippet"": ""ref=\""/static/js/lms-main-898f71e6.js\"">\n<link ref=\""preload\"" href=\""/static/styles-iview-58339d95.css\"" as=\""style\"">\n<link ref=\""preload\"" href=\""/static/styles-base-b336095""}, {""source_path"": ""raw/ilearn.thu.edu.tw/course-advance-setting.html"", ""pattern"": ""iview"", ""snippet"": ""ref=\""/static/js/lms-main-898f71e6.js\"">\n<link ref=\""preload\"" href=\""/static/styles-iview-58339d95.css\"" as=\""style\"">\n<link ref=\""preload\"" href=\""/static/styles-base-b336095""}, {""source_path"": ""raw/ilearn.thu.edu.tw/course-advance-setting.html"", ""pattern"": ""iView"", ""snippet"": ""ref=\""/static/js/lms-main-898f71e6.js\"">\n<link ref=\""preload\"" href=\""/static/styles-iview-58339d95.css\"" as=\""style\"">\n<link ref=\""preload\"" href=\""/static/styles-base-b336095""}]"
ECharts,180,61,raw/ilearn.thu.edu.tw/static/10242.1acb04a8.js; raw/ilearn.thu.edu.tw/static/12159-e10443e1.chunk.css; raw/ilearn.thu.edu.tw/static/12159.7fb514eb.js; raw/ilearn.thu.edu.tw/static/15435.660824cb.js; raw/ilearn.thu.edu.tw/static/15731.bd0f7825.js; raw/ilearn.thu.edu.tw/static/16065.63e765ac.js; raw/ilearn.thu.edu.tw/static/1872.dfc6f143.js; raw/ilearn.thu.edu.tw/static/18774-c8d49780.js; raw/ilearn.thu.edu.tw/static/20394-906d9bf0.chunk.css; raw/ilearn.thu.edu.tw/static/20394.23ecfc5d.js; raw/ilearn.thu.edu.tw/static/21589-4ec40a1d.chunk.css; raw/ilearn.thu.edu.tw/static/21589.4d5fd106.js,"[{""source_path"": ""raw/ilearn.thu.edu.tw/static/10242.1acb04a8.js"", ""pattern"": ""echarts"", ""snippet"": ""nction(){var e=this.$createElement;return(this._self._c||e)(\""div\"",{staticClass:\""echarts\""})}),[],!1,null,null,null).exports}}]);""}, {""source_path"": ""raw/ilearn.thu.edu.tw/static/12159-e10443e1.chunk.css"", ""pattern"": ""echarts"", ""snippet"": ""input:hover{border-width:1px}[data-v-a5d5fb06] .ivu-table-sort{margin-left:4px}.echarts{height:400px;width:600px}.chart-page .chart-page-title[data-v-458eb4d4]{font-si""}, {""source_path"": ""raw/ilearn.thu.edu.tw/static/12159.7fb514eb.js"", ""pattern"": ""echarts"", ""snippet"": ""64464),r(700329);Ht.Yx([zt.a]);const Yt=(0,s.pM)({name:\""chart-page\"",components:{ECharts:qt.A},props:{courseId:{type:Number,required:!0}},setup:function(e){var t=(0,s.K""}, {""source_path"": ""raw/ilearn.thu.edu.tw/static/15435.660824cb.js"", ""pattern"": ""echarts"", ""snippet"": ""nction(){var e=this.$createElement;return(this._self._c||e)(\""div\"",{staticClass:\""echarts\""})}),[],!1,null,null,null).exports},957221:(e,t,n)=>{n.d(t,{c:()=>d,p:()=>u});n""}, {""source_path"": ""raw/ilearn.thu.edu.tw/static/15731.bd0f7825.js"", ""pattern"": ""echarts"", ""snippet"": ""5738),i=n(552979),o=n(953768);n(739623),n(707369);const a=(0,r.pM)({components:{Echarts:o.A},props:{data:{type:Array,required:!0},colors:{type:Array},left:{type:Number""}, {""source_path"": ""raw/ilearn.thu.edu.tw/static/16065.63e765ac.js"", ""pattern"": ""echarts"", ""snippet"": ""tyle:{normal:{barBorderRadius:0}},data:n}]};return a.setOption(u),i(o[0]).data(\""echarts-instance\"",a),o.on(\""resizeChart\"",(()=>a.resize()))}(r)))},hasIntersection(t,e){v""}, {""source_path"": ""raw/ilearn.thu.edu.tw/static/1872.dfc6f143.js"", ""pattern"": ""echarts"", ""snippet"": ""nction(){var e=this.$createElement;return(this._self._c||e)(\""div\"",{staticClass:\""echarts\""})}),[],!1,null,null,null).exports},957221:(e,t,i)=>{i.d(t,{c:()=>h,p:()=>c});i""}, {""source_path"": ""raw/ilearn.thu.edu.tw/static/18774-c8d49780.js"", ""pattern"": ""echarts"", ""snippet"": ""rementTab\"":\""課程畢業要求達成度\"",\""studentTab\"":\""學員OBE達成度\"",\""studentDistribution\"":\""學員分佈\""},\""obeCharts\"":{\""stuTipTitle\"":\""學員OBE達成度\"",\""stuTipRegion\"":\""OBE達成度在\"",\""metricDegree\"":\""指標點達成度\""},\""o""}]"
D3,20,8,raw/ilearn.thu.edu.tw/static/24549.cf667c52.js; raw/ilearn.thu.edu.tw/static/42535.1c3df5f8.js; raw/ilearn.thu.edu.tw/static/48938-ac64b718.js; raw/ilearn.thu.edu.tw/static/49294-a975461a.chunk.css; raw/ilearn.thu.edu.tw/static/49294.50a0a8b3.js; raw/ilearn.thu.edu.tw/static/79278-2435c454.js; raw/ilearn.thu.edu.tw/static/8609.eb461692.js; raw/ilearn.thu.edu.tw/static/91852.eaeb96c8.js,"[{""source_path"": ""raw/ilearn.thu.edu.tw/static/24549.cf667c52.js"", ""pattern"": ""d3-"", ""snippet"": "":!0,g:!0,h:!0,i:!0,k:[2,35]},spiral_calendar_pad:{a:\""Spiral Calendar Pad\"",b:\""1F5D3-FE0F\"",c:\""1F5D3\"",d:!0,e:!0,f:!0,g:!0,h:!0,i:!1,k:[30,9],o:7},airplane_departure:{""}, {""source_path"": ""raw/ilearn.thu.edu.tw/static/42535.1c3df5f8.js"", ""pattern"": ""d3-"", ""snippet"": "".svg.append(\""defs\""),o.tooltipHtml&&(o.tooltip=o.div.append(\""div\"").attr(\""class\"",\""d3-tooltip\"").style(\""background-color\"",\""#464C5B\"").style(\""color\"",\""white\"").style(\""bord""}, {""source_path"": ""raw/ilearn.thu.edu.tw/static/48938-ac64b718.js"", ""pattern"": ""d3-"", ""snippet"": ""-\\uFB28\\uFB2A-\\uFB36\\uFB38-\\uFB3C\\uFB3E\\uFB40\\uFB41\\uFB43\\uFB44\\uFB46-\\uFBB1\\uFBD3-\\uFD3D\\uFD50-\\uFD8F\\uFD92-\\uFDC7\\uFDF0-\\uFDFB\\uFE70-\\uFE74\\uFE76-\\uFEFC\\uFF10-\\u""}, {""source_path"": ""raw/ilearn.thu.edu.tw/static/49294-a975461a.chunk.css"", ""pattern"": ""d3-"", ""snippet"": ""block}.svg-badge[data-v-124c2e16] svg{height:10px;width:10px}[data-v-5992ba57] .d3-tooltip .tooltip-title{color:rgba(255,255,255,.8);font-size:12px}[data-v-5992ba5""}, {""source_path"": ""raw/ilearn.thu.edu.tw/static/49294.50a0a8b3.js"", ""pattern"": ""d3-"", ""snippet"": "".svg.append(\""defs\""),r.tooltipHtml&&(r.tooltip=r.div.append(\""div\"").attr(\""class\"",\""d3-tooltip\"").style(\""background-color\"",\""#464C5B\"").style(\""color\"",\""white\"").style(\""bord""}, {""source_path"": ""raw/ilearn.thu.edu.tw/static/79278-2435c454.js"", ""pattern"": ""d3-"", ""snippet"": ""2897),t=e.n(C),n=e(55042),l=e.n(n),r=new(t())({id:\""link-legend3\"",use:\""link-legend3-usage\"",viewBox:\""0 0 14 2\"",content:'<symbol viewBox=\""0 0 14 2\"" xmlns=\""http://www.""}, {""source_path"": ""raw/ilearn.thu.edu.tw/static/8609.eb461692.js"", ""pattern"": ""d3-"", ""snippet"": ""r){return t-r})),i=[],a=0;a<r;a++){var o=a/(r-1);i.push(tt(e,o))}return i})),a(\""d3-linear\"",(function(t){var r=t.min,n=t.max,i=t.tickInterval,a=t.minLimit,o=t.maxLi""}, {""source_path"": ""raw/ilearn.thu.edu.tw/static/91852.eaeb96c8.js"", ""pattern"": ""d3-"", ""snippet"": ""l),r.tooltipHtml&&(r.tooltip=(0,i.Ltv)(r.container).append(\""div\"").attr(\""class\"",\""d3-tooltip\"").style(\""background-color\"",\""#464C5B\"").style(\""color\"",\""white\"").style(\""bord""}]"
Moment/Day.js,367,30,raw/ilearn.thu.edu.tw/chatbot/chatbot.umd.js; raw/ilearn.thu.edu.tw/static/12159.7fb514eb.js; raw/ilearn.thu.edu.tw/static/18326.bedfc73f.js; raw/ilearn.thu.edu.tw/static/18774-c8d49780.js; raw/ilearn.thu.edu.tw/static/21892-03cda66b.js; raw/ilearn.thu.edu.tw/static/24549.cf667c52.js; raw/ilearn.thu.edu.tw/static/27093.22d65938.js; raw/ilearn.thu.edu.tw/static/27148.dc9a1b6d.js; raw/ilearn.thu.edu.tw/static/28509.a0b2d0f0.js; raw/ilearn.thu.edu.tw/static/30803-7b1f840f.js; raw/ilearn.thu.edu.tw/static/31110.2a0173f2.js; raw/ilearn.thu.edu.tw/static/32436.9894d604.js,"[{""source_path"": ""raw/ilearn.thu.edu.tw/chatbot/chatbot.umd.js"", ""pattern"": ""moment"", ""snippet"": ""NT:\""A sua questão envolve informações sensíveis e não pode ser respondida neste momento.\""},chat:\""Chat\"",clearChat:\""Limpar\"",common:{agentUpdated:\""As conversas anteriore""}, {""source_path"": ""raw/ilearn.thu.edu.tw/chatbot/chatbot.umd.js"", ""pattern"": ""dayjs"", ""snippet"": ""eplace(/s$/,\""\"")},u:function(O){return O===void 0}},B=\""en\"",w={};w[B]=b;var Q=\""$isDayjsObject\"",I=function(O){return O instanceof N||!(!O||!O[Q])},v=function O(D,k,T){v""}, {""source_path"": ""raw/ilearn.thu.edu.tw/static/12159.7fb514eb.js"", ""pattern"": ""moment"", ""snippet"": ""eduScoresRepository\"",\""$document\"",\""performanceRepository\"",\""$window\"",\""commonApi\"",\""momentService\"",\""scoreHelper\"",\""$routeParams\"",\""throughCourseFilter\"",(e,t,r,u,d,v,h,g,_,y""}, {""source_path"": ""raw/ilearn.thu.edu.tw/static/18326.bedfc73f.js"", ""pattern"": ""moment"", ""snippet"": "");e.exports=[\""$scope\"",\""$rootScope\"",\""toastr\"",\""$http\"",\""$location\"",\""$routeParams\"",\""momentService\"",\""$window\"",\""$interval\"",\""$timeout\"",(e,t,r,u,p,f,m,g,_,v)=>{var h=c(e),y=d""}, {""source_path"": ""raw/ilearn.thu.edu.tw/static/18774-c8d49780.js"", ""pattern"": ""moment"", ""snippet"": ""ake_up_examination\"":\""補考\"",\""in_process\"":\""進行中\"",\""closed\"":\""已結束\"",\""not_started\"":\""未開始\"",\""moments\"":\""即時動態\"",\""exception_only\"":\""只看異常動態\"",\""loading\"":\""加載中\"",\""no_record\"":\""暫無記錄\"",\""no_more_""}, {""source_path"": ""raw/ilearn.thu.edu.tw/static/21892-03cda66b.js"", ""pattern"": ""moment"", ""snippet"": ""i0 mbesseli1 meanc median mergeby mergevar minc minindc minv miss missex missrv moment momentd movingave movingaveExpwgt movingaveWgt nextindex nextn nextnevn nextwin""}, {""source_path"": ""raw/ilearn.thu.edu.tw/static/24549.cf667c52.js"", ""pattern"": ""moment"", ""snippet"": ""enshot?\"",createPpt:\""Add screenshot\"",createPptTooltip:\""Add screenshot of current moment\"",batchExport:\""Export\"",exportDocInfo:{courseName:\""Course\"",time:\""Time\"",instructor""}, {""source_path"": ""raw/ilearn.thu.edu.tw/static/27093.22d65938.js"", ""pattern"": ""moment"", ""snippet"": ""867),r(658379);var c=r(571478);e.exports=[\""$rootScope\"",\""$scope\"",\""api\"",\""toastr\"",\""momentService\"",function(e,t,r,u,l){var d=c(t),p=o(\""#courseId\"").val();t.userId=o(\""#user""}]"
Lodash,78,50,raw/ilearn.thu.edu.tw/chatbot/chatbot.umd.js; raw/ilearn.thu.edu.tw/static/12159.7fb514eb.js; raw/ilearn.thu.edu.tw/static/13958-91152030.js; raw/ilearn.thu.edu.tw/static/15034.a0e65e77.js; raw/ilearn.thu.edu.tw/static/15587.dbb2fed1.js; raw/ilearn.thu.edu.tw/static/16064.6c2c8939.js; raw/ilearn.thu.edu.tw/static/21137.a69eb96c.js; raw/ilearn.thu.edu.tw/static/23977.ebaa5322.js; raw/ilearn.thu.edu.tw/static/24549.cf667c52.js; raw/ilearn.thu.edu.tw/static/27609.04e6959b.js; raw/ilearn.thu.edu.tw/static/27724.2ef3f54f.js; raw/ilearn.thu.edu.tw/static/31510.c03f0ff5.js,"[{""source_path"": ""raw/ilearn.thu.edu.tw/chatbot/chatbot.umd.js"", ""pattern"": ""lodash"", ""snippet"": ""has(e)&&delete this.__data__[e];return this.size-=t?1:0,t}var dZ=pZ,mZ=x0,gZ=\""__lodash_hash_undefined__\"",fZ=Object.prototype,hZ=fZ.hasOwnProperty;function bZ(e){var t""}, {""source_path"": ""raw/ilearn.thu.edu.tw/static/12159.7fb514eb.js"", ""pattern"": ""_\\.debounce"", ""snippet"": ""alue.forEach((function(t){t.items.forEach((function(t){e[t.id]=t}))})),e})),b=c._.debounce((function(){return re(r,void 0,void 0,(function(){return oe(this,(function(t){s""}, {""source_path"": ""raw/ilearn.thu.edu.tw/static/13958-91152030.js"", ""pattern"": ""lodash"", ""snippet"": "":function(t,n,r){var e;t=r.nmd(t),function(){var o,u=\""Expected a function\"",i=\""__lodash_hash_undefined__\"",a=\""__lodash_placeholder__\"",c=16,f=32,l=64,s=128,p=256,h=1/0,v""}, {""source_path"": ""raw/ilearn.thu.edu.tw/static/15034.a0e65e77.js"", ""pattern"": ""_\\.debounce"", ""snippet"": ""(t)),[3,5];case 4:return a.value=!1,u.value=!0,[7];case 5:return[2]}}))}))},d=r._.debounce(c,300);return{fetch:d,originalFetch:c,data:n,pageSizeChanged:function(e){n.page""}, {""source_path"": ""raw/ilearn.thu.edu.tw/static/15587.dbb2fed1.js"", ""pattern"": ""_\\.debounce"", ""snippet"": ""(t)),[3,5];case 4:return a.value=!1,u.value=!0,[7];case 5:return[2]}}))}))},f=r._.debounce(s,300);return{fetch:f,originalFetch:s,data:n,pageSizeChanged:function(e){n.page""}, {""source_path"": ""raw/ilearn.thu.edu.tw/static/16064.6c2c8939.js"", ""pattern"": ""_\\.debounce"", ""snippet"": ""(t)),[3,5];case 4:return r.value=!1,c.value=!0,[7];case 5:return[2]}}))}))},p=i._.debounce(u,300);return{fetch:p,originalFetch:u,data:n,pageSizeChanged:function(e){n.page""}, {""source_path"": ""raw/ilearn.thu.edu.tw/static/21137.a69eb96c.js"", ""pattern"": ""_\\.debounce"", ""snippet"": ""(e)),[3,5];case 4:return i.value=!1,c.value=!0,[7];case 5:return[2]}}))}))},p=o._.debounce(f,300);return{fetch:p,originalFetch:f,data:n,pageSizeChanged:function(t){n.page""}, {""source_path"": ""raw/ilearn.thu.edu.tw/static/23977.ebaa5322.js"", ""pattern"": ""_\\.debounce"", ""snippet"": ""(e)),[3,5];case 4:return i.value=!1,l.value=!0,[7];case 5:return[2]}}))}))},p=r._.debounce(u,300);return{fetch:p,originalFetch:u,data:n,pageSizeChanged:function(t){n.page""}]"
Axios,324,81,raw/ilearn.thu.edu.tw/static/10188.0cd009aa.js; raw/ilearn.thu.edu.tw/static/1065.e951cf0f.js; raw/ilearn.thu.edu.tw/static/13821.19c32f7f.js; raw/ilearn.thu.edu.tw/static/15175.570cff7b.js; raw/ilearn.thu.edu.tw/static/15448.d1593c31.js; raw/ilearn.thu.edu.tw/static/16831.3050f543.js; raw/ilearn.thu.edu.tw/static/19705.6a8993c5.js; raw/ilearn.thu.edu.tw/static/21137.a69eb96c.js; raw/ilearn.thu.edu.tw/static/21356.22ba888a.js; raw/ilearn.thu.edu.tw/static/22931.71278fd1.js; raw/ilearn.thu.edu.tw/static/24549.cf667c52.js; raw/ilearn.thu.edu.tw/static/24598.127c6b42.js,"[{""source_path"": ""raw/ilearn.thu.edu.tw/static/10188.0cd009aa.js"", ""pattern"": ""axios"", ""snippet"": ""equest,e);return n.extend(r,i.prototype,e),n.extend(r,e),r}var u=s(r(796987));u.Axios=i,u.create=function(t){return s(a(u.defaults,t))},u.Cancel=r(31928),u.CancelTok""}, {""source_path"": ""raw/ilearn.thu.edu.tw/static/1065.e951cf0f.js"", ""pattern"": ""axios"", ""snippet"": ""equest,e);return n.extend(r,i.prototype,e),n.extend(r,e),r}var u=s(r(796987));u.Axios=i,u.create=function(t){return s(a(u.defaults,t))},u.Cancel=r(31928),u.CancelTok""}, {""source_path"": ""raw/ilearn.thu.edu.tw/static/13821.19c32f7f.js"", ""pattern"": ""axios"", ""snippet"": ""equest,e);return n.extend(r,i.prototype,e),n.extend(r,e),r}var u=s(r(796987));u.Axios=i,u.create=function(t){return s(a(u.defaults,t))},u.Cancel=r(31928),u.CancelTok""}, {""source_path"": ""raw/ilearn.thu.edu.tw/static/15175.570cff7b.js"", ""pattern"": ""axios"", ""snippet"": ""equest,e);return r.extend(n,i.prototype,e),r.extend(n,e),n}var u=s(n(796987));u.Axios=i,u.create=function(t){return s(a(u.defaults,t))},u.Cancel=n(31928),u.CancelTok""}, {""source_path"": ""raw/ilearn.thu.edu.tw/static/15448.d1593c31.js"", ""pattern"": ""axios"", ""snippet"": ""equest,e);return r.extend(n,i.prototype,e),r.extend(n,e),n}var u=s(n(796987));u.Axios=i,u.create=function(t){return s(a(u.defaults,t))},u.Cancel=n(31928),u.CancelTok""}, {""source_path"": ""raw/ilearn.thu.edu.tw/static/16831.3050f543.js"", ""pattern"": ""axios"", ""snippet"": ""equest,e);return n.extend(r,i.prototype,e),n.extend(r,e),r}var u=a(r(796987));u.Axios=i,u.create=function(t){return a(s(u.defaults,t))},u.Cancel=r(31928),u.CancelTok""}, {""source_path"": ""raw/ilearn.thu.edu.tw/static/19705.6a8993c5.js"", ""pattern"": ""axios"", ""snippet"": ""equest,e);return r.extend(n,i.prototype,e),r.extend(n,e),n}var u=s(n(796987));u.Axios=i,u.create=function(t){return s(a(u.defaults,t))},u.Cancel=n(31928),u.CancelTok""}, {""source_path"": ""raw/ilearn.thu.edu.tw/static/21137.a69eb96c.js"", ""pattern"": ""axios"", ""snippet"": ""equest,e);return r.extend(n,i.prototype,e),r.extend(n,e),n}var u=s(n(796987));u.Axios=i,u.create=function(t){return s(a(u.defaults,t))},u.Cancel=n(31928),u.CancelTok""}]"
jQuery,742,172,raw/ilearn.thu.edu.tw/chatbot/chatbot.umd.js; raw/ilearn.thu.edu.tw/static/10067.39ff48db.js; raw/ilearn.thu.edu.tw/static/10248.e193e757.js; raw/ilearn.thu.edu.tw/static/12159.7fb514eb.js; raw/ilearn.thu.edu.tw/static/13821.19c32f7f.js; raw/ilearn.thu.edu.tw/static/13958-91152030.js; raw/ilearn.thu.edu.tw/static/14572-b07cd6d5.js; raw/ilearn.thu.edu.tw/static/14769.c100af91.js; raw/ilearn.thu.edu.tw/static/15034.a0e65e77.js; raw/ilearn.thu.edu.tw/static/15175.570cff7b.js; raw/ilearn.thu.edu.tw/static/15225.71f0582a.js; raw/ilearn.thu.edu.tw/static/15471.49137ee2.js,"[{""source_path"": ""raw/ilearn.thu.edu.tw/chatbot/chatbot.umd.js"", ""pattern"": ""jQuery"", ""snippet"": ""ons:[\""hbs\""]},\""text/x-java-source\"":{source:\""apache\"",extensions:[\""java\""]},\""text/x-jquery-tmpl\"":{compressible:!0},\""text/x-lua\"":{extensions:[\""lua\""]},\""text/x-markdown\"":{co""}, {""source_path"": ""raw/ilearn.thu.edu.tw/chatbot/chatbot.umd.js"", ""pattern"": ""\\$\\."", ""snippet"": ""\""?document.currentScript:null;const pr=\""\""+((r$=(o$=window.Global)==null?void 0:o$.apiPrefix)==null?void 0:r$.api)!=\""undefined\""?window.Global.apiPrefix.api+\""/chatb""}, {""source_path"": ""raw/ilearn.thu.edu.tw/static/10067.39ff48db.js"", ""pattern"": ""\\$\\."", ""snippet"": ""a=e[n++];void 0!==a&&\""}\""!==a;)o+=a,a=e[n++];var i=\""}\""===a,s=L.test(o)?\""list\"":i&&$.test(o)?\""named\"":\""unknown\"";t.push({value:o,type:s})}else\""%\""===a?\""{\""!==e[n]&&(r+=a""}, {""source_path"": ""raw/ilearn.thu.edu.tw/static/10248.e193e757.js"", ""pattern"": ""jQuery"", ""snippet"": "".filter(\""iframe\"").each((function(n,t){B(t,e)})).end()}):z(\""\"",\""Unable to bind to jQuery, it is not fully loaded.\"")}(a),o=[],void 0!==(r=\""function\""==typeof(i=_)?i.apply""}, {""source_path"": ""raw/ilearn.thu.edu.tw/static/12159.7fb514eb.js"", ""pattern"": ""\\$\\."", ""snippet"": ""tr(\""lang\"");e.programEnabled=null===($=window.featureToggles)||void 0===$?void 0:$.enableProgram,e.submiting=!1,e.allowFilterByShareOrg=!0,e.condition={org_ids:[],""}, {""source_path"": ""raw/ilearn.thu.edu.tw/static/13821.19c32f7f.js"", ""pattern"": ""\\$\\."", ""snippet"": ""39!==r?e:e.slice(1,-1):\""*\""+o)}var $=function(){this._cache=Object.create(null)};$.prototype.parsePath=function(t){var e=this._cache[t];return e||(e=function(t){va""}, {""source_path"": ""raw/ilearn.thu.edu.tw/static/13958-91152030.js"", ""pattern"": ""\\$\\."", ""snippet"": ""d+)?)|([\""'])((?:(?!\\2)[^\\\\]|\\\\.)*?)\\2)\\]|(?=(?:\\.|\\[\\])(?:\\.|\\[\\]|$))/g,ot=/[\\\\^$.*+?()[\\]{}|]/g,ut=RegExp(ot.source),it=/^\\s+/,at=/\\s/,ct=/\\{(?:\\n\\/\\* \\[wrapped ""}, {""source_path"": ""raw/ilearn.thu.edu.tw/static/14572-b07cd6d5.js"", ""pattern"": ""\\$\\."", ""snippet"": ""(t,[e].concat(i))}})(k),k.directive(\""t\"",{bind:L,update:_,unbind:R}),k.component($.name,$),k.component(A.name,A),k.config.optionMergeStrategies.i18n=function(e,t){""}]"
PDF.js,0,0,,[]
Video.js/HLS,206,9,raw/ilearn.thu.edu.tw/chatbot/chatbot.umd.js; raw/ilearn.thu.edu.tw/static/24549.cf667c52.js; raw/ilearn.thu.edu.tw/static/31076.a8c88684.js; raw/ilearn.thu.edu.tw/static/53701.67275a68.js; raw/ilearn.thu.edu.tw/static/56834-67be8618.js; raw/ilearn.thu.edu.tw/static/82831.135ef996.js; raw/ilearn.thu.edu.tw/static/84027-f7869d26.js; raw/ilearn.thu.edu.tw/static/9862.d5cc01ba.js; raw/ilearn.thu.edu.tw/static/styles-base-b3360956.css,"[{""source_path"": ""raw/ilearn.thu.edu.tw/chatbot/chatbot.umd.js"", ""pattern"": ""m3u8"", ""snippet"": ""extensions:[\""key\""]},\""application/vnd.apple.mpegurl\"":{source:\""iana\"",extensions:[\""m3u8\""]},\""application/vnd.apple.numbers\"":{source:\""iana\"",extensions:[\""numbers\""]},\""appl""}, {""source_path"": ""raw/ilearn.thu.edu.tw/static/24549.cf667c52.js"", ""pattern"": ""videojs"", ""snippet"": ""xml/i,$v=function(e){return Rv.test(e)?\""hls\"":Nv.test(e)?\""dash\"":\""application/vnd.videojs.vhs+json\""===e?\""vhs-json\"":null},Uv=function(e){return\""function\""===ArrayBuffer.is""}, {""source_path"": ""raw/ilearn.thu.edu.tw/static/24549.cf667c52.js"", ""pattern"": ""m3u8"", ""snippet"": ""\""audio/aac\"",caf:\""audio/x-caf\"",flac:\""audio/flac\"",oga:\""audio/ogg\"",wav:\""audio/wav\"",m3u8:\""application/x-mpegURL\"",mpd:\""application/dash+xml\"",jpg:\""image/jpeg\"",jpeg:\""image""}, {""source_path"": ""raw/ilearn.thu.edu.tw/static/31076.a8c88684.js"", ""pattern"": ""videojs"", ""snippet"": "".length,t=new Array(e),r=0;r<e;r++)t[r]=arguments[r];return i(\""debug\"",n,t)},s}(\""VIDEOJS\""),B=R.createLogger,N=Object.prototype.toString,U=function(e){return H(e)?Object""}, {""source_path"": ""raw/ilearn.thu.edu.tw/static/31076.a8c88684.js"", ""pattern"": ""m3u8"", ""snippet"": ""eo/x-matroska\"",m4a:\""audio/mp4\"",mp3:\""audio/mpeg\"",aac:\""audio/aac\"",oga:\""audio/ogg\"",m3u8:\""application/x-mpegURL\"",jpg:\""image/jpeg\"",jpeg:\""image/jpeg\"",gif:\""image/gif\"",png:""}, {""source_path"": ""raw/ilearn.thu.edu.tw/static/53701.67275a68.js"", ""pattern"": ""videojs"", ""snippet"": ""ay-button .vjs-icon-placeholder:before{text-align:center}@font-face{font-family:VideoJS;src:url(data:application/font-woff;charset=utf-8;base64,d09GRgABAAAAABDkAAsAAAA""}, {""source_path"": ""raw/ilearn.thu.edu.tw/static/56834-67be8618.js"", ""pattern"": ""videojs"", ""snippet"": ""u.forwardSeekingWarning,b=t(u.playerSettings)(),y=function(e,n){return{plugins:{videoJsResolutionSwitcher:{default:t(n.resolution)(e.$parent),dynamicLabel:!0}}}}(d,u);""}, {""source_path"": ""raw/ilearn.thu.edu.tw/static/82831.135ef996.js"", ""pattern"": ""videojs"", ""snippet"": ""e.hasOwnProperty.call(t,e)},e.p=\""\"",e(e.s=0)}([function(t,e,r){var i=r(1);window.videojs&&(i.registerConfigPlugin(window.videojs),i.registerSourceHandler(window.videojs""}]"
PhotoSwipe,288,6,raw/ilearn.thu.edu.tw/static/23268-40f6b5e5.js; raw/ilearn.thu.edu.tw/static/53517-ee6ba8df.chunk.css; raw/ilearn.thu.edu.tw/static/80575.32ea74f5.js; raw/ilearn.thu.edu.tw/static/82017-04ae4691.css; raw/ilearn.thu.edu.tw/static/9217-15f4a0df.chunk.css; raw/ilearn.thu.edu.tw/static/99955-4e2de18c.chunk.css,"[{""source_path"": ""raw/ilearn.thu.edu.tw/static/23268-40f6b5e5.js"", ""pattern"": ""PhotoSwipe"", ""snippet"": "",\""\\\\n\"")+'\""':e)}},function(e,t,n){var o=n(9);(e.exports=n(0)(!1)).push([e.i,\""/*! PhotoSwipe Default UI CSS by Dmitry Semenov | photoswipe.com | MIT license */.pswp__button""}, {""source_path"": ""raw/ilearn.thu.edu.tw/static/23268-40f6b5e5.js"", ""pattern"": ""pswp"", ""snippet"": ""on(){var e=this,t=e.$createElement,n=e._self._c||t;return n(\""div\"",{staticClass:\""pswp\"",attrs:{tabindex:\""-1\"",role:\""dialog\"",\""aria-hidden\"":\""true\""}},[n(\""div\"",{staticClas""}, {""source_path"": ""raw/ilearn.thu.edu.tw/static/53517-ee6ba8df.chunk.css"", ""pattern"": ""pswp"", ""snippet"": ""tion:absolute;top:100%;width:.5px}.image-preview .vue-preview[data-v-053f83b4] .pswp__button--share{display:none}.image-preview .vue-preview[data-v-053f83b4] .pswp_""}, {""source_path"": ""raw/ilearn.thu.edu.tw/static/80575.32ea74f5.js"", ""pattern"": ""pswp"", ""snippet"": ""k0Fl7xqf4oXLtbXOn/6f4eFhDF7j6e20/yq8pVXfDvtXKs/1P8N3maf1P8U/6FNrm7p9JjohtbuuhUd9PsWPa+kCvsnco+If+OZY9c9zHj7jSrStq6bEaI4t83IFl1kOfQKsxnFz8S+Yi5gbItY8O4YC+9GtLmRvuPHw""}, {""source_path"": ""raw/ilearn.thu.edu.tw/static/82017-04ae4691.css"", ""pattern"": ""pswp"", ""snippet"": ""tion:absolute;top:100%;width:.5px}.image-preview .vue-preview[data-v-053f83b4] .pswp__button--share{display:none}.image-preview .vue-preview[data-v-053f83b4] .pswp_""}, {""source_path"": ""raw/ilearn.thu.edu.tw/static/9217-15f4a0df.chunk.css"", ""pattern"": ""pswp"", ""snippet"": ""tion:absolute;top:100%;width:.5px}.image-preview .vue-preview[data-v-053f83b4] .pswp__button--share{display:none}.image-preview .vue-preview[data-v-053f83b4] .pswp_""}, {""source_path"": ""raw/ilearn.thu.edu.tw/static/99955-4e2de18c.chunk.css"", ""pattern"": ""pswp"", ""snippet"": ""tion:absolute;top:100%;width:.5px}.image-preview .vue-preview[data-v-053f83b4] .pswp__button--share{display:none}.image-preview .vue-preview[data-v-053f83b4] .pswp_""}]"
Highlight/Shiki,37,3,raw/ilearn.thu.edu.tw/chatbot/chatbot.umd.js; raw/ilearn.thu.edu.tw/static/14572-b07cd6d5.js; raw/ilearn.thu.edu.tw/static/23223-9b89ab86.js,"[{""source_path"": ""raw/ilearn.thu.edu.tw/chatbot/chatbot.umd.js"", ""pattern"": ""shiki"", ""snippet"": ""air-text-color-1);cursor:pointer}.code-block-header button:hover{color:#5c6cff}.shiki{border-bottom-left-radius:16px;border-bottom-right-radius:16px;padding:12px 16p""}, {""source_path"": ""raw/ilearn.thu.edu.tw/chatbot/chatbot.umd.js"", ""pattern"": ""TextMate"", ""snippet"": "",n,A){return t.id||n.registerRule(a=>{if(t.id=a,t.match)return new YBe(t.$vscodeTextmateLocation,t.id,t.name,t.match,ha._compileCaptures(t.captures,n,A));if(typeof t.be""}, {""source_path"": ""raw/ilearn.thu.edu.tw/static/14572-b07cd6d5.js"", ""pattern"": ""TextMate"", ""snippet"": ""heme(e)},get:function(){return this.$themeId||this.theme},initialValue:\""./theme/textmate\"",handlesSet:!0},hasCssTransforms:{},useTextareaForIME:{initialValue:!p.isMobile""}, {""source_path"": ""raw/ilearn.thu.edu.tw/static/23223-9b89ab86.js"", ""pattern"": ""highlight\\.js"", ""snippet"": ""\"",\""Please use highlight(code, options) instead.\\nhttps://github.com/highlightjs/highlight.js/issues/2277\""),a=e,r=t),void 0===n&&(n=!0);const i={code:r,language:a};N(\""before""}]"
